epoch,cc_sim,cc_unsim,mse_MSI,mse_HSI,mse_HSI_R,mse_MSI_R,mse_srf,mse_psf
0,0.4384206533432007,1.0485470294952393,0.15292498469352722,0.21087299287319183,0.19623838365077972,0.19401273131370544,0.014362041838467121,0.1931515634059906
0,0.40739282965660095,-0.1892482489347458,0.1606309413909912,0.20792043209075928,0.2130293995141983,0.2108350396156311,0.014264597557485104,0.1931510716676712
1,0.3677482604980469,0.5228609442710876,0.15332022309303284,0.21195514500141144,0.23739200830459595,0.23556716740131378,0.01417003944516182,0.19315046072006226
1,0.7038700580596924,-0.5753434300422668,0.14695359766483307,0.2076174020767212,0.23360824584960938,0.23255951702594757,0.014069775119423866,0.19314976036548615
2,0.3184153437614441,0.5069297552108765,0.15181386470794678,0.21182909607887268,0.24390853941440582,0.24313101172447205,0.013969030231237411,0.1931488811969757
2,0.7540191411972046,-0.6619113683700562,0.14666585624217987,0.20773613452911377,0.23331095278263092,0.23355890810489655,0.013863887637853622,0.19314782321453094
3,0.29472580552101135,0.5043846964836121,0.1511182188987732,0.21076323091983795,0.2429879903793335,0.2431206852197647,0.013760221190750599,0.19314643740653992
3,0.7946709990501404,-0.7024964690208435,0.14655183255672455,0.20579226315021515,0.23707444965839386,0.2378637194633484,0.013650363311171532,0.1931447982788086
4,0.2880583703517914,0.5030673742294312,0.15009544789791107,0.21031828224658966,0.24049127101898193,0.24131739139556885,0.013541184365749359,0.19314263761043549
4,0.8053325414657593,-0.7117404341697693,0.14896446466445923,0.2044038474559784,0.24054136872291565,0.24181044101715088,0.01342447567731142,0.19314005970954895
5,0.2988477051258087,0.5030079483985901,0.15134017169475555,0.21097685396671295,0.24312053620815277,0.24434641003608704,0.013309406116604805,0.19313651323318481
5,0.8146417140960693,-0.7309042811393738,0.15054108202457428,0.20707206428050995,0.2404795140028,0.2422218918800354,0.013191084377467632,0.19313213229179382
6,0.29382893443107605,0.5029590725898743,0.15249305963516235,0.21230801939964294,0.24336016178131104,0.245019793510437,0.013072634115815163,0.19312632083892822
6,0.8214486837387085,-0.713557243347168,0.1495332419872284,0.2070266753435135,0.2377815693616867,0.2401476502418518,0.012945659458637238,0.19311915338039398
7,0.29244837164878845,0.5019813776016235,0.15190479159355164,0.21141213178634644,0.24226482212543488,0.24403870105743408,0.012819393537938595,0.19310937821865082
7,0.8345124125480652,-0.733704686164856,0.1476081907749176,0.20736604928970337,0.2323751300573349,0.23489804565906525,0.012688403017818928,0.19309689104557037
8,0.2931625247001648,0.502642810344696,0.15286491811275482,0.21218863129615784,0.24123598635196686,0.2431095689535141,0.012560080736875534,0.19307924807071686
8,0.8388475179672241,-0.7245863676071167,0.15122674405574799,0.20684610307216644,0.23360896110534668,0.23612624406814575,0.012423058971762657,0.19305719435214996
9,0.292756587266922,0.5021029114723206,0.15404276549816132,0.21340076625347137,0.24384531378746033,0.2457481324672699,0.012281907722353935,0.19302688539028168
9,0.8455735445022583,-0.7297406196594238,0.14920282363891602,0.2071843445301056,0.2373897284269333,0.23969441652297974,0.012135631404817104,0.19298820197582245
10,0.2856428921222687,0.501457929611206,0.15268082916736603,0.21204090118408203,0.24341577291488647,0.24506472051143646,0.01199157815426588,0.19293396174907684
10,0.8497618436813354,-0.7291964292526245,0.14839670062065125,0.20564666390419006,0.23793287575244904,0.2398124784231186,0.011836417019367218,0.19286617636680603
11,0.2855187654495239,0.5011100769042969,0.15121819078922272,0.21089698374271393,0.24213577806949615,0.2432814985513687,0.011681326664984226,0.19277042150497437
11,0.846988320350647,-0.7025688886642456,0.15191277861595154,0.2068607211112976,0.24034060537815094,0.24161134660243988,0.011518683284521103,0.19264884293079376
12,0.27807101607322693,0.5015248656272888,0.1522616147994995,0.21186040341854095,0.24389518797397614,0.24447748064994812,0.011356431059539318,0.19247756898403168
12,0.8500688076019287,-0.6988464593887329,0.14769014716148376,0.20737013220787048,0.23868049681186676,0.23921023309230804,0.011187249794602394,0.19226785004138947
13,0.26713141798973083,0.5020031929016113,0.15232618153095245,0.21038974821567535,0.2452566921710968,0.24507726728916168,0.011020025238394737,0.19198569655418396
13,0.847403883934021,-0.6717702150344849,0.1477145403623581,0.2055462896823883,0.23912599682807922,0.2386312484741211,0.010844945907592773,0.19163848459720612
14,0.2628099322319031,0.501812756061554,0.15181845426559448,0.21093334257602692,0.24739482998847961,0.24614572525024414,0.010679496452212334,0.19114618003368378
14,0.8533693552017212,-0.6590461134910583,0.14764000475406647,0.20547035336494446,0.24270474910736084,0.2410038709640503,0.01050905603915453,0.19054348766803741
15,0.2521454989910126,0.5011357069015503,0.15039263665676117,0.20932982861995697,0.24670042097568512,0.2442801594734192,0.010394624434411526,0.1897546350955963
15,0.8541063070297241,-0.6777259111404419,0.14725878834724426,0.20568281412124634,0.24117976427078247,0.23854920268058777,0.010316343978047371,0.18879342079162598
16,0.24869802594184875,0.5009510517120361,0.15085266530513763,0.21043293178081512,0.24914616346359253,0.2464643120765686,0.010256034322082996,0.18755006790161133
16,0.8544497489929199,-0.6616740822792053,0.14758531749248505,0.20582862198352814,0.24347661435604095,0.2409120351076126,0.010190743952989578,0.18607035279273987
17,0.2507321238517761,0.5029053688049316,0.15153957903385162,0.21087737381458282,0.24848009645938873,0.24610479176044464,0.010121813043951988,0.18428346514701843
17,0.8432552814483643,-0.6434431672096252,0.14834187924861908,0.20614665746688843,0.23702459037303925,0.23517559468746185,0.010048804804682732,0.18225206434726715
18,0.24884553253650665,0.5026348233222961,0.15227968990802765,0.2103615552186966,0.24709565937519073,0.24540933966636658,0.009981698356568813,0.17974954843521118
18,0.8516793251037598,-0.6640351414680481,0.1493016481399536,0.20491716265678406,0.2411334216594696,0.23976612091064453,0.00991438515484333,0.17682453989982605
19,0.24601709842681885,0.5017643570899963,0.15175077319145203,0.2096605896949768,0.24772529304027557,0.24648620188236237,0.009860481135547161,0.17350763082504272
19,0.8460592031478882,-0.661507785320282,0.14830341935157776,0.20478366315364838,0.2414807677268982,0.24049830436706543,0.009813278913497925,0.1696794629096985
20,0.24283353984355927,0.5016043186187744,0.15147919952869415,0.20914927124977112,0.2457776963710785,0.24480313062667847,0.009791335090994835,0.16547299921512604
20,0.8375353813171387,-0.65532386302948,0.14649248123168945,0.20326370000839233,0.24224752187728882,0.24142496287822723,0.009771994315087795,0.1608564853668213
21,0.24863490462303162,0.5030815601348877,0.15226884186267853,0.20941010117530823,0.24703890085220337,0.24633073806762695,0.009754019789397717,0.15587392449378967
21,0.8372597694396973,-0.6555349230766296,0.14747117459774017,0.20472852885723114,0.24032410979270935,0.23979969322681427,0.009733796119689941,0.1507265567779541
22,0.23799896240234375,0.5011674165725708,0.151542067527771,0.20934522151947021,0.2465156763792038,0.2458745390176773,0.009715668857097626,0.14529778063297272
22,0.8379334211349487,-0.6543185710906982,0.1475333422422409,0.20464956760406494,0.24089840054512024,0.24049915373325348,0.009697433561086655,0.13944265246391296
23,0.2413223683834076,0.5026118755340576,0.15069928765296936,0.20878010988235474,0.2463124394416809,0.2458677887916565,0.009676119312644005,0.1338767409324646
23,0.8427533507347107,-0.682449460029602,0.1513350009918213,0.2038099467754364,0.24495895206928253,0.24450956284999847,0.0096522131934762,0.12798433005809784
24,0.23788675665855408,0.502672016620636,0.15272274613380432,0.2084725946187973,0.24491244554519653,0.2445404827594757,0.009625946171581745,0.1224713996052742
24,0.8434265851974487,-0.6537588834762573,0.14716239273548126,0.20277301967144012,0.23477540910243988,0.234612837433815,0.009599776938557625,0.11671707779169083
25,0.23916566371917725,0.5020699501037598,0.15275423228740692,0.20902059972286224,0.24474716186523438,0.24436873197555542,0.009572968818247318,0.11122161895036697
25,0.8336734175682068,-0.6312927007675171,0.14619457721710205,0.20472589135169983,0.2379351258277893,0.23755401372909546,0.009543592110276222,0.10533872991800308
26,0.23403719067573547,0.5015127658843994,0.15030746161937714,0.20767107605934143,0.244537353515625,0.24410861730575562,0.009508012793958187,0.09997343271970749
26,0.8456707000732422,-0.650249183177948,0.14790824055671692,0.20498105883598328,0.2368360161781311,0.23660427331924438,0.00946890190243721,0.09462033957242966
27,0.23528937995433807,0.5017009973526001,0.15170174837112427,0.20892038941383362,0.2462245523929596,0.24587421119213104,0.009429319761693478,0.08994045108556747
27,0.8396591544151306,-0.6509057879447937,0.14755603671073914,0.2037554383277893,0.24381916224956512,0.24358642101287842,0.009386594407260418,0.08532008528709412
28,0.2384762018918991,0.5020933747291565,0.15147098898887634,0.20865997672080994,0.2466810792684555,0.2463323175907135,0.009345201775431633,0.0812964215874672
28,0.8430072069168091,-0.6468400359153748,0.14686334133148193,0.2045835256576538,0.23474663496017456,0.2346063256263733,0.009302091784775257,0.07724020630121231
29,0.2407551407814026,0.5032084584236145,0.15179376304149628,0.2084706723690033,0.24481457471847534,0.24442392587661743,0.009262380190193653,0.07374822348356247
29,0.846366286277771,-0.6489724516868591,0.14716480672359467,0.20357878506183624,0.23960867524147034,0.23924486339092255,0.009222153574228287,0.070320725440979
30,0.23680831491947174,0.5011204481124878,0.1514875739812851,0.20847338438034058,0.2457149177789688,0.24538592994213104,0.009180736728012562,0.06725350022315979
30,0.8419699668884277,-0.6303204894065857,0.14704300463199615,0.20384250581264496,0.23879651725292206,0.2385646551847458,0.009140868671238422,0.06428991258144379
31,0.2343750149011612,0.5013186931610107,0.15045399963855743,0.20793071389198303,0.24504877626895905,0.24475683271884918,0.009102441370487213,0.06168685108423233
31,0.8518754243850708,-0.6390446424484253,0.1462235152721405,0.20404110848903656,0.2355945110321045,0.23543283343315125,0.009062367491424084,0.059213001281023026
32,0.23309212923049927,0.5014002919197083,0.14998410642147064,0.20806753635406494,0.24677658081054688,0.24658922851085663,0.009023886173963547,0.057765647768974304
32,0.8438766002655029,-0.6333955526351929,0.14687664806842804,0.2038658708333969,0.2401096671819687,0.2399389147758484,0.008982762694358826,0.05625948682427406
33,0.23068930208683014,0.5013374090194702,0.15080934762954712,0.20860148966312408,0.2476540058851242,0.24755005538463593,0.008942500688135624,0.05539001524448395
33,0.8386659026145935,-0.6176442503929138,0.14767000079154968,0.20455093681812286,0.2459384649991989,0.24575823545455933,0.008899749256670475,0.05383122339844704
34,0.23342961072921753,0.5021278858184814,0.15149030089378357,0.20775119960308075,0.24725334346294403,0.24716715514659882,0.008853408508002758,0.05218587443232536
34,0.8330079913139343,-0.6290832161903381,0.14993900060653687,0.2054813951253891,0.24244970083236694,0.24244925379753113,0.008808481507003307,0.0502643808722496
35,0.23237767815589905,0.5029797554016113,0.1511431336402893,0.20723004639148712,0.24441270530223846,0.24432715773582458,0.008769693784415722,0.04898809269070625
35,0.8417448997497559,-0.6701401472091675,0.14818379282951355,0.20420348644256592,0.23988808691501617,0.23993270099163055,0.00872866716235876,0.0473368763923645
36,0.2325628101825714,0.5016775727272034,0.15119031071662903,0.20882205665111542,0.2472524493932724,0.24729570746421814,0.008689937181770802,0.045536600053310394
36,0.8487991094589233,-0.662248432636261,0.14678534865379333,0.20451894402503967,0.23971518874168396,0.23977921903133392,0.008646384812891483,0.04354993626475334
37,0.23057053983211517,0.5014370083808899,0.151174396276474,0.20837225019931793,0.24781158566474915,0.24786120653152466,0.00860802922397852,0.041908539831638336
37,0.8420044779777527,-0.6420239210128784,0.14778603613376617,0.20421478152275085,0.23876474797725677,0.23888657987117767,0.008569364435970783,0.040186453610658646
38,0.2283911556005478,0.5014955997467041,0.1510072648525238,0.20781242847442627,0.24730396270751953,0.24733658134937286,0.008533249609172344,0.03857854753732681
38,0.8486576080322266,-0.657155454158783,0.1458006352186203,0.20339392125606537,0.24030214548110962,0.24042963981628418,0.008496408350765705,0.03687413036823273
39,0.22559654712677002,0.5008571147918701,0.1509416550397873,0.20839861035346985,0.24797487258911133,0.24812084436416626,0.00846349447965622,0.0354086197912693
39,0.8479695320129395,-0.6410598754882812,0.14723798632621765,0.2032007873058319,0.24108827114105225,0.24125497043132782,0.008427845314145088,0.03384987264871597
40,0.2263461947441101,0.5015901327133179,0.15062354505062103,0.20746761560440063,0.24752968549728394,0.24763837456703186,0.008394844830036163,0.03257907181978226
40,0.8524205088615417,-0.652513325214386,0.14604148268699646,0.20409835875034332,0.24157340824604034,0.24172289669513702,0.008360452018678188,0.03150428831577301
41,0.2262340486049652,0.5014961361885071,0.15120244026184082,0.20848077535629272,0.24787268042564392,0.24797119200229645,0.00833557453006506,0.03075394779443741
41,0.840595006942749,-0.6421120166778564,0.1476130485534668,0.2032138705253601,0.2431686371564865,0.24327842891216278,0.008310111239552498,0.029968703165650368
42,0.2261073887348175,0.5010386109352112,0.15069767832756042,0.20789895951747894,0.24819719791412354,0.24837450683116913,0.008284073323011398,0.02927660010755062
42,0.844535231590271,-0.6494600176811218,0.1473412662744522,0.20317046344280243,0.24339111149311066,0.2435525357723236,0.008255981840193272,0.02847551926970482
43,0.2209075540304184,0.5006585121154785,0.15100853145122528,0.20798827707767487,0.24854271113872528,0.24876490235328674,0.00822559092193842,0.02773921564221382
43,0.8489238619804382,-0.6392754912376404,0.1474815011024475,0.2025158554315567,0.24056263267993927,0.24069669842720032,0.00819847546517849,0.026971960440278053
44,0.22495973110198975,0.5007240772247314,0.15064358711242676,0.20781320333480835,0.2501573860645294,0.25031647086143494,0.008163785561919212,0.026251809671521187
44,0.8494377136230469,-0.6399256587028503,0.14795799553394318,0.20430228114128113,0.24580860137939453,0.2460254728794098,0.008135396055877209,0.02547558769583702
45,0.2255876362323761,0.5003823637962341,0.15164951980113983,0.2090744525194168,0.25107577443122864,0.25124049186706543,0.008106866851449013,0.024724332615733147
45,0.8379963636398315,-0.624793529510498,0.1483260542154312,0.20415426790714264,0.24385948479175568,0.2439887374639511,0.00807262770831585,0.02393912337720394
46,0.22669410705566406,0.5028066039085388,0.15142084658145905,0.20789653062820435,0.2500501573085785,0.2502121329307556,0.008035233244299889,0.02309328503906727
46,0.8357979655265808,-0.6418509483337402,0.14696624875068665,0.20116804540157318,0.24067817628383636,0.24090267717838287,0.008000037632882595,0.022203968837857246
47,0.2345643937587738,0.5034488439559937,0.15108433365821838,0.20754453539848328,0.24435941874980927,0.24455733597278595,0.007968837395310402,0.021360136568546295
47,0.8338807821273804,-0.6332154273986816,0.14810146391391754,0.20171496272087097,0.24064816534519196,0.2408224493265152,0.00793276634067297,0.02048209123313427
48,0.22528357803821564,0.500790536403656,0.15128900110721588,0.20781764388084412,0.24728776514530182,0.24754972755908966,0.0078986044973135,0.01970672234892845
48,0.8456590175628662,-0.6535731554031372,0.1466185450553894,0.2028275430202484,0.24194815754890442,0.24214842915534973,0.00786585919559002,0.018881255760788918
49,0.22329601645469666,0.5005613565444946,0.15174585580825806,0.20891696214675903,0.24935100972652435,0.24953146278858185,0.007843238301575184,0.018174268305301666
49,0.8361961841583252,-0.654445469379425,0.14863312244415283,0.20485927164554596,0.2455112189054489,0.2456807941198349,0.007816486991941929,0.017453689128160477
50,0.22031809389591217,0.5006313920021057,0.15071523189544678,0.20797988772392273,0.24950061738491058,0.24967947602272034,0.007783197797834873,0.016716355457901955
50,0.8440259695053101,-0.6287003755569458,0.14681342244148254,0.203663632273674,0.24339359998703003,0.24356938898563385,0.007754642050713301,0.016011295840144157
51,0.2217315137386322,0.5002368688583374,0.15135447680950165,0.20883473753929138,0.2518008351325989,0.25204166769981384,0.007716762367635965,0.015299243852496147
51,0.8357464671134949,-0.611055850982666,0.14931632578372955,0.20317652821540833,0.24385519325733185,0.24401140213012695,0.007686374709010124,0.014621385373175144
52,0.222711443901062,0.5012413859367371,0.15051031112670898,0.2077808976173401,0.24915775656700134,0.2493412047624588,0.007669237907975912,0.014072902500629425
52,0.8429493308067322,-0.6367799639701843,0.1463533341884613,0.20361939072608948,0.24518230557441711,0.2453017383813858,0.0076471720822155476,0.013473553583025932
53,0.2228168547153473,0.5008016228675842,0.1509275585412979,0.20815320312976837,0.24966174364089966,0.24983234703540802,0.007612890098243952,0.012898079119622707
53,0.8516117930412292,-0.6508805155754089,0.14743798971176147,0.20329003036022186,0.24571570754051208,0.2458801120519638,0.007570225279778242,0.01226120162755251
54,0.22258248925209045,0.501698911190033,0.14978164434432983,0.206313356757164,0.2488938271999359,0.24909202754497528,0.007536873687058687,0.011625728569924831
54,0.8426579236984253,-0.6460546851158142,0.14735545217990875,0.2042090892791748,0.2445220649242401,0.24476680159568787,0.0074980189092457294,0.01099892146885395
55,0.22197607159614563,0.5006098747253418,0.15098054707050323,0.20776458084583282,0.25012093782424927,0.25033295154571533,0.007476463448256254,0.010490665212273598
55,0.840167224407196,-0.6389238238334656,0.1499113142490387,0.20333892107009888,0.24209418892860413,0.2423093020915985,0.007442580536007881,0.00993420835584402
56,0.21782609820365906,0.5004615187644958,0.15122224390506744,0.2072676718235016,0.2508189380168915,0.25104308128356934,0.007402675226330757,0.009390996769070625
56,0.8424801826477051,-0.6324436664581299,0.14806193113327026,0.2026006430387497,0.24430175125598907,0.24443484842777252,0.0073661599308252335,0.008855568245053291
57,0.22264057397842407,0.5000798106193542,0.15201158821582794,0.20866352319717407,0.25292283296585083,0.25314605236053467,0.007341951131820679,0.00839846208691597
57,0.8395551443099976,-0.6312837600708008,0.14946706593036652,0.20372311770915985,0.2459126114845276,0.24604053795337677,0.007309344597160816,0.007911784574389458
58,0.224014014005661,0.500580370426178,0.15198783576488495,0.20848417282104492,0.252474844455719,0.252696692943573,0.00728136720135808,0.007466806564480066
58,0.8334557414054871,-0.6214700937271118,0.14746108651161194,0.20317092537879944,0.24403877556324005,0.24421072006225586,0.007258001249283552,0.007039929274469614
59,0.22277680039405823,0.5000694394111633,0.15239976346492767,0.2089974582195282,0.2538048028945923,0.2540069818496704,0.007232113275676966,0.006661168299615383
59,0.825743556022644,-0.6195386648178101,0.14931538701057434,0.20396052300930023,0.24790231883525848,0.24804039299488068,0.007192004006356001,0.006246553733944893
60,0.2209622710943222,0.500225841999054,0.1517035961151123,0.2085869461297989,0.2528473138809204,0.2530542314052582,0.007149466313421726,0.0058486582711339
60,0.8238438963890076,-0.6260582208633423,0.14831599593162537,0.2031392902135849,0.24868068099021912,0.24881920218467712,0.007105522323399782,0.005423130467534065
61,0.22194638848304749,0.5009987354278564,0.1525147259235382,0.20889213681221008,0.2532684803009033,0.2534806728363037,0.007080820854753256,0.005057379137724638
61,0.8323737382888794,-0.6406254172325134,0.14783728122711182,0.20579928159713745,0.2469993382692337,0.24716003239154816,0.007054581306874752,0.004697105847299099
62,0.2240714430809021,0.5004116296768188,0.15182432532310486,0.20802931487560272,0.2524096667766571,0.25259920954704285,0.00702908169478178,0.004378443583846092
62,0.8327869772911072,-0.6193760633468628,0.1489250808954239,0.2043159306049347,0.2463582456111908,0.24646903574466705,0.006993338465690613,0.0040359217673540115
63,0.22067350149154663,0.5001940727233887,0.1525726467370987,0.20876984298229218,0.25349241495132446,0.2537153363227844,0.006959331221878529,0.003717629937455058
63,0.8299436569213867,-0.6117345094680786,0.1488182544708252,0.2031307816505432,0.24634605646133423,0.2464509904384613,0.006933949422091246,0.003409826196730137
64,0.22050637006759644,0.5000247955322266,0.1529621034860611,0.20876146852970123,0.25446072220802307,0.25467538833618164,0.006904925219714642,0.003124443581327796
64,0.8316693305969238,-0.6029693484306335,0.14794902503490448,0.20388919115066528,0.24961265921592712,0.24979357421398163,0.006879742257297039,0.0028386148624122143
65,0.22284425795078278,0.5008770823478699,0.15252380073070526,0.20920173823833466,0.25402215123176575,0.25420206785202026,0.0068479496985673904,0.0025709981564432383
65,0.8281779289245605,-0.6160756945610046,0.14778609573841095,0.2051381915807724,0.2439645528793335,0.244093656539917,0.006818110588937998,0.002295378129929304
66,0.2213294953107834,0.5005703568458557,0.1517045497894287,0.20775434374809265,0.25072818994522095,0.25096362829208374,0.00678601861000061,0.0020363875664770603
66,0.8254574537277222,-0.5906151533126831,0.149040088057518,0.20482829213142395,0.2504725754261017,0.25066667795181274,0.006749253254383802,0.0017714699497446418
67,0.22161784768104553,0.5006425380706787,0.1519370675086975,0.20808328688144684,0.2524257004261017,0.25261038541793823,0.006724510807543993,0.0016254230868071318
67,0.8335625529289246,-0.5775671005249023,0.1481037735939026,0.20189447700977325,0.2463679015636444,0.2464515119791031,0.006713568698614836,0.0015299370279535651
68,0.2170654684305191,0.49999409914016724,0.15255385637283325,0.20783810317516327,0.2515239715576172,0.25177016854286194,0.006680688355118036,0.0014285360230132937
68,0.8321819305419922,-0.5929015874862671,0.14883357286453247,0.2030961662530899,0.24644902348518372,0.24650193750858307,0.006651363801211119,0.001393283368088305
69,0.22126463055610657,0.5008944869041443,0.1522950679063797,0.20792777836322784,0.2536410987377167,0.2538575232028961,0.006620442494750023,0.0013151537859812379
69,0.8099157214164734,-0.5674669742584229,0.15082590281963348,0.20561988651752472,0.24519793689250946,0.2453383207321167,0.006597060710191727,0.0012649430427700281
70,0.22540706396102905,0.5021177530288696,0.15151064097881317,0.20726962387561798,0.24968065321445465,0.24988622963428497,0.006566239055246115,0.001136202015914023
70,0.8250319361686707,-0.6288301944732666,0.1500515192747116,0.20304659008979797,0.24350284039974213,0.2435787320137024,0.0065476917661726475,0.0010408543748781085
71,0.215473473072052,0.4999341666698456,0.15117764472961426,0.2067839503288269,0.2505953907966614,0.25075921416282654,0.006527107208967209,0.0010396817233413458
71,0.8226491808891296,-0.6219851970672607,0.14908292889595032,0.20279289782047272,0.24551548063755035,0.24560609459877014,0.0065116556361317635,0.0010711468057706952
72,0.21670867502689362,0.5004943013191223,0.15145497024059296,0.20637695491313934,0.2506219744682312,0.25077784061431885,0.0064888340421020985,0.0010978884529322386
72,0.8284786939620972,-0.5780597925186157,0.1487531214952469,0.2024672031402588,0.23959927260875702,0.239768847823143,0.006452480331063271,0.0011190904770046473
73,0.2183775156736374,0.50017249584198,0.15267281234264374,0.2080531120300293,0.2514553964138031,0.25166454911231995,0.006431590765714645,0.0011602259473875165
73,0.8217449188232422,-0.6124262809753418,0.14924336969852448,0.20382657647132874,0.24664685130119324,0.24677515029907227,0.006411705631762743,0.0012349850730970502
74,0.21862086653709412,0.5008246898651123,0.15324413776397705,0.2081783413887024,0.25248491764068604,0.25270023941993713,0.0064018722623586655,0.0014002977404743433
74,0.8236886858940125,-0.5812559127807617,0.14788936078548431,0.20479275286197662,0.2461736798286438,0.24629110097885132,0.006385177839547396,0.0015327880391851068
75,0.22002804279327393,0.5004515647888184,0.15235589444637299,0.20681840181350708,0.2507944405078888,0.2509464919567108,0.006368483416736126,0.0016474692383781075
75,0.8274983167648315,-0.5768638849258423,0.14838244020938873,0.20342794060707092,0.2474331259727478,0.2475503534078598,0.006347033195197582,0.0017628935165703297
76,0.2200385332107544,0.5005730986595154,0.15183795988559723,0.2068386673927307,0.25152817368507385,0.2517108619213104,0.006327351555228233,0.0018365232972428203
76,0.8208379745483398,-0.5826783776283264,0.1498308926820755,0.20243169367313385,0.24890762567520142,0.24898938834667206,0.0063082133419811726,0.0019044445361942053
77,0.2170436829328537,0.5005781650543213,0.1530168503522873,0.20732402801513672,0.2510725259780884,0.2512911260128021,0.00628210324794054,0.001940749934874475
77,0.8184110522270203,-0.579167366027832,0.1509002447128296,0.20260366797447205,0.24746978282928467,0.24760708212852478,0.00624372623860836,0.001986101269721985
78,0.2143406718969345,0.4998821020126343,0.15265309810638428,0.20667912065982819,0.250893235206604,0.25110527873039246,0.006212655454874039,0.0020461652893573046
78,0.8251444697380066,-0.5860428214073181,0.14939424395561218,0.20357447862625122,0.24703449010849,0.24721208214759827,0.0061793033964931965,0.002105860272422433
79,0.21323828399181366,0.49986523389816284,0.15323777496814728,0.20712019503116608,0.25229471921920776,0.25252413749694824,0.006162300705909729,0.0022095940075814724
79,0.8155500292778015,-0.5857113599777222,0.14993032813072205,0.20170222222805023,0.24849961698055267,0.24864889681339264,0.006135149858891964,0.0022895385045558214
80,0.2150850147008896,0.500322163105011,0.15376798808574677,0.2079993486404419,0.2524360120296478,0.2526415288448334,0.006105060689151287,0.0023502991534769535
80,0.8237502574920654,-0.5799526572227478,0.15129724144935608,0.20474253594875336,0.24473921954631805,0.24484632909297943,0.006079929415136576,0.002429760294035077
81,0.2103363275527954,0.5003439784049988,0.15270496904850006,0.2065846472978592,0.2501230537891388,0.2503308355808258,0.006059046369045973,0.002497708424925804
81,0.8244880437850952,-0.5688234567642212,0.15072958171367645,0.2026888132095337,0.2525768280029297,0.25266358256340027,0.00602570828050375,0.0025340691208839417
82,0.21239694952964783,0.5000109672546387,0.15458260476589203,0.2078550159931183,0.25247594714164734,0.2527131140232086,0.005992938298732042,0.0025702877901494503
82,0.8180755376815796,-0.5791389346122742,0.14999599754810333,0.20309972763061523,0.2471398562192917,0.24717293679714203,0.005983162205666304,0.0026667399797588587
83,0.2127634584903717,0.49968409538269043,0.15494407713413239,0.20861604809761047,0.25267401337623596,0.2528841197490692,0.0059594642370939255,0.0027530621737241745
83,0.8092758655548096,-0.5758440494537354,0.15063612163066864,0.20261308550834656,0.24427397549152374,0.24444447457790375,0.005930420011281967,0.0028142903465777636
84,0.21308967471122742,0.4998275637626648,0.15351518988609314,0.20718756318092346,0.2516922652721405,0.2519124448299408,0.005922336596995592,0.0029267033096402884
84,0.8072280287742615,-0.5656309723854065,0.1508564054965973,0.20290596783161163,0.24751803278923035,0.24755126237869263,0.005911609157919884,0.003028560895472765
85,0.21127501130104065,0.499521940946579,0.15461888909339905,0.20784752070903778,0.2534750699996948,0.2536764442920685,0.005886171478778124,0.0030914288945496082
85,0.8117520213127136,-0.5970430374145508,0.1508605182170868,0.2044246345758438,0.24762654304504395,0.24772031605243683,0.005863441154360771,0.0031618650536984205
86,0.2106257677078247,0.4993850588798523,0.15416370332241058,0.2074073851108551,0.2524765431880951,0.2526426613330841,0.005858731921762228,0.003263745689764619
86,0.815739631652832,-0.5732290744781494,0.15085740387439728,0.20329806208610535,0.24395497143268585,0.24405437707901,0.0058443001471459866,0.003348736325278878
87,0.21127741038799286,0.5002127289772034,0.15396945178508759,0.20734861493110657,0.2517240047454834,0.2518799901008606,0.005827302113175392,0.0034231096506118774
87,0.8091521263122559,-0.5679457187652588,0.1499578207731247,0.2032085359096527,0.24593135714530945,0.24611937999725342,0.00580097921192646,0.003484099404886365
88,0.21360093355178833,0.49974656105041504,0.15491162240505219,0.20862457156181335,0.2513495683670044,0.2515638470649719,0.005793505348265171,0.003591766580939293
88,0.8068177103996277,-0.573729395866394,0.1516127586364746,0.20459143817424774,0.2462342232465744,0.2463231086730957,0.005779470317065716,0.003684822004288435
89,0.21363136172294617,0.4997190833091736,0.1546228528022766,0.20840084552764893,0.25239166617393494,0.25256073474884033,0.005761082284152508,0.0037387507036328316
89,0.8079546689987183,-0.5432765483856201,0.1504221111536026,0.20439958572387695,0.24723301827907562,0.24730654060840607,0.005740166176110506,0.003785467939451337
90,0.20925720036029816,0.4997948110103607,0.15385881066322327,0.207278311252594,0.2505545914173126,0.2507511377334595,0.005711236037313938,0.0037720573600381613
90,0.8058090209960938,-0.567241370677948,0.14996913075447083,0.20367935299873352,0.24594523012638092,0.24605412781238556,0.005685145501047373,0.0037771661300212145
91,0.21240440011024475,0.49983078241348267,0.15394441783428192,0.2070893794298172,0.2515133321285248,0.2516281008720398,0.005669921636581421,0.0038270801305770874
91,0.8211163878440857,-0.5778104066848755,0.1515944004058838,0.20357315242290497,0.24166589975357056,0.24177153408527374,0.005652889143675566,0.003879597643390298
92,0.2078920304775238,0.4995219111442566,0.15487761795520782,0.20734556019306183,0.25115594267845154,0.2513364851474762,0.005637159571051598,0.003937512636184692
92,0.8098174929618835,-0.5844818949699402,0.15388843417167664,0.20262137055397034,0.25259914994239807,0.25266796350479126,0.00562008423730731,0.003994905389845371
93,0.20936189591884613,0.5001233816146851,0.15444239974021912,0.2071458101272583,0.2506912350654602,0.25087422132492065,0.005603418219834566,0.004053593147546053
93,0.8072082996368408,-0.5255219340324402,0.15059193968772888,0.20295020937919617,0.24033226072788239,0.2404160350561142,0.0055905357003211975,0.004114941693842411
94,0.20903043448925018,0.499398410320282,0.15421348810195923,0.20658200979232788,0.2500264048576355,0.2501608729362488,0.005575594957917929,0.004179552663117647
94,0.8141754865646362,-0.5230183601379395,0.15082013607025146,0.20273169875144958,0.24713973701000214,0.2472774237394333,0.005558192264288664,0.004243781324476004
95,0.2082272320985794,0.499662309885025,0.15502576529979706,0.2071189135313034,0.2516268789768219,0.25183889269828796,0.005547387525439262,0.004321986809372902
95,0.8105059862136841,-0.5650500059127808,0.1518028974533081,0.20269861817359924,0.24476778507232666,0.2449217289686203,0.005542907863855362,0.0044354707933962345
96,0.20576252043247223,0.49947747588157654,0.15503674745559692,0.2068926990032196,0.2490215301513672,0.24921996891498566,0.0055387262254953384,0.004539550747722387
96,0.8149754405021667,-0.53658127784729,0.15250973403453827,0.20406217873096466,0.24897359311580658,0.24909737706184387,0.005523841828107834,0.004616365768015385
97,0.20899607241153717,0.4996151030063629,0.15527181327342987,0.20723585784435272,0.2504260241985321,0.25057703256607056,0.005505165085196495,0.004659147467464209
97,0.8075904846191406,-0.5753492712974548,0.1516849398612976,0.20383469760417938,0.24232131242752075,0.24239584803581238,0.005484959110617638,0.004703066311776638
98,0.20932088792324066,0.49922820925712585,0.15691408514976501,0.2085428237915039,0.2523685395717621,0.2525491416454315,0.0054597556591033936,0.004719780292361975
98,0.8138124346733093,-0.5483738780021667,0.1537560224533081,0.2032463252544403,0.24574583768844604,0.2458251565694809,0.00544241676107049,0.0047674947418272495
99,0.2084929496049881,0.4995018243789673,0.15579281747341156,0.20734652876853943,0.25061339139938354,0.2507878839969635,0.005433186423033476,0.004820712376385927
99,0.7985660433769226,-0.5609056353569031,0.15512292087078094,0.20280690491199493,0.24868881702423096,0.2486756294965744,0.005426124669611454,0.004888541996479034
100,0.20871283113956451,0.4991264045238495,0.15649472177028656,0.20806828141212463,0.25271955132484436,0.2529486417770386,0.005402322392910719,0.004920022562146187
100,0.8006465435028076,-0.5336519479751587,0.15334732830524445,0.20386932790279388,0.24536268413066864,0.24538575112819672,0.005384128540754318,0.004952422343194485
101,0.20939181745052338,0.4994296729564667,0.15685942769050598,0.20822611451148987,0.25307637453079224,0.2532462179660797,0.005361963529139757,0.004973686765879393
101,0.8040406107902527,-0.5391795635223389,0.15523485839366913,0.2030714899301529,0.24531705677509308,0.24547035992145538,0.0053455946035683155,0.005021919030696154
102,0.21205738186836243,0.500455379486084,0.1559956967830658,0.20772556960582733,0.25064313411712646,0.25081807374954224,0.005326029844582081,0.005034157074987888
102,0.7963950634002686,-0.5444338321685791,0.1532205194234848,0.2038806676864624,0.24910999834537506,0.2492019385099411,0.005313871428370476,0.0050822654739022255
103,0.20791952311992645,0.49918997287750244,0.15676136314868927,0.20733559131622314,0.25161734223365784,0.2517549395561218,0.005305498372763395,0.005148128140717745
103,0.8009881973266602,-0.5091331005096436,0.15455086529254913,0.2036263644695282,0.24418960511684418,0.24428828060626984,0.005290057510137558,0.005182628985494375
104,0.20830051600933075,0.4992092549800873,0.1570206582546234,0.20751041173934937,0.2515627145767212,0.25167086720466614,0.005272650625556707,0.00519341928884387
104,0.8001412749290466,-0.5460439920425415,0.1554499715566635,0.203335702419281,0.24599561095237732,0.24608293175697327,0.005265872459858656,0.0052465819753706455
105,0.20546241104602814,0.4996485412120819,0.15606966614723206,0.20640435814857483,0.24952518939971924,0.24967268109321594,0.0052543459460139275,0.005278630182147026
105,0.7864301204681396,-0.4671320915222168,0.15356498956680298,0.20279251039028168,0.24472348392009735,0.24485990405082703,0.005236411467194557,0.005294910166412592
106,0.20662593841552734,0.4997510015964508,0.15640537440776825,0.20692485570907593,0.24977992475032806,0.24992848932743073,0.005234509706497192,0.005368701182305813
106,0.789488673210144,-0.5205810070037842,0.15532319247722626,0.20338013768196106,0.243179053068161,0.24338079988956451,0.005218112841248512,0.0054143136367201805
107,0.20613901317119598,0.4996720254421234,0.15675215423107147,0.207091823220253,0.24905525147914886,0.24917152523994446,0.00521491002291441,0.005469223950058222
107,0.7751835584640503,-0.5315769910812378,0.15308667719364166,0.2014887034893036,0.24728743731975555,0.2472446858882904,0.005203844979405403,0.005498232785612345
108,0.20553269982337952,0.5006140470504761,0.15686152875423431,0.20646360516548157,0.24707479774951935,0.2471536248922348,0.005180731415748596,0.0054765669628977776
108,0.792851448059082,-0.4811031222343445,0.15262609720230103,0.20409627258777618,0.24213865399360657,0.24212920665740967,0.005166754126548767,0.0054861996322870255
109,0.20256143808364868,0.5000858306884766,0.15662258863449097,0.20536552369594574,0.24497759342193604,0.2451210618019104,0.005149882286787033,0.005488364491611719
109,0.8012556433677673,-0.548466145992279,0.15430492162704468,0.20150288939476013,0.24177299439907074,0.241829976439476,0.005146246403455734,0.005539218429476023
110,0.20262861251831055,0.5000728964805603,0.15654729306697845,0.20611904561519623,0.24581658840179443,0.24595487117767334,0.005127965938299894,0.005541984457522631
110,0.7980338931083679,-0.5413148403167725,0.15203720331192017,0.20207498967647552,0.2359556406736374,0.23601926863193512,0.005103972274810076,0.005532695911824703
111,0.20075663924217224,0.49952447414398193,0.15712881088256836,0.20579761266708374,0.2453605681657791,0.2454955279827118,0.005096339154988527,0.005573398899286985
111,0.797646701335907,-0.5073871612548828,0.15408918261528015,0.2030666470527649,0.24019770324230194,0.24020443856716156,0.005101851187646389,0.00564848817884922
112,0.19733069837093353,0.49928605556488037,0.15685001015663147,0.20488359034061432,0.24356956779956818,0.2436743974685669,0.005099139176309109,0.005694181192666292
112,0.796622633934021,-0.5195822715759277,0.15336398780345917,0.20127560198307037,0.23718683421611786,0.23731540143489838,0.005102375987917185,0.005755510646849871
113,0.1971931904554367,0.4995359182357788,0.15705476701259613,0.204898402094841,0.24498750269412994,0.2450340837240219,0.005098225083202124,0.005786060821264982
113,0.7915573120117188,-0.47690707445144653,0.1539757400751114,0.20190687477588654,0.23750245571136475,0.23750612139701843,0.005104607902467251,0.0058246213011443615
114,0.19657783210277557,0.4995603859424591,0.15751037001609802,0.20525941252708435,0.24488215148448944,0.2449679970741272,0.005097527988255024,0.005838233977556229
114,0.7760359644889832,-0.4985122084617615,0.15584786236286163,0.20155498385429382,0.2402687668800354,0.24034282565116882,0.005074126645922661,0.005838450510054827
115,0.1974010467529297,0.5011357665061951,0.15751105546951294,0.20481404662132263,0.24410206079483032,0.24426937103271484,0.00506310211494565,0.005863787140697241
115,0.7885183095932007,-0.5480831265449524,0.15575160086154938,0.20003336668014526,0.24165865778923035,0.24172258377075195,0.0050642522983253,0.0059132808819413185
116,0.19611047208309174,0.5000349283218384,0.157587468624115,0.20494894683361053,0.24322886765003204,0.24330873787403107,0.005063656717538834,0.005943774711340666
116,0.803280234336853,-0.5352643728256226,0.1545085608959198,0.2012116014957428,0.2364201843738556,0.23652252554893494,0.005046139936894178,0.005951147060841322
117,0.19785290956497192,0.49899983406066895,0.15877556800842285,0.20598232746124268,0.24508000910282135,0.2451678067445755,0.005030984990298748,0.005972673185169697
117,0.7892080545425415,-0.5156952142715454,0.15474246442317963,0.20138633251190186,0.23743167519569397,0.23746894299983978,0.0050268629565835,0.006026382092386484
118,0.195196270942688,0.49890828132629395,0.1581961214542389,0.20512138307094574,0.24509145319461823,0.2452142834663391,0.005015385802835226,0.006064753979444504
118,0.7903546094894409,-0.4997204542160034,0.15621237456798553,0.20115351676940918,0.24070584774017334,0.2407054305076599,0.0050072562880814075,0.006100871600210667
119,0.19819502532482147,0.4991168677806854,0.15902559459209442,0.20566610991954803,0.24679073691368103,0.24685724079608917,0.004996194038540125,0.0061104982160031796
119,0.7818655371665955,-0.5474823713302612,0.15860702097415924,0.20241181552410126,0.24228425323963165,0.2423400580883026,0.004980911035090685,0.0061248186975717545
120,0.19571591913700104,0.49912238121032715,0.15876996517181396,0.20465460419654846,0.24542857706546783,0.2455039620399475,0.00498984707519412,0.0061571598052978516
120,0.7900327444076538,-0.49487027525901794,0.15764853358268738,0.20141106843948364,0.2417503148317337,0.2417188137769699,0.0050035142339766026,0.006183210294693708
121,0.19579875469207764,0.4991306662559509,0.15980865061283112,0.20589229464530945,0.24689510464668274,0.2469964474439621,0.0049833450466394424,0.006194865796715021
121,0.8002637624740601,-0.5215980410575867,0.15582451224327087,0.20178712904453278,0.24069292843341827,0.2406613528728485,0.004962476436048746,0.006205744110047817
122,0.19644585251808167,0.5001552700996399,0.1588750183582306,0.2053292691707611,0.24396903812885284,0.24405725300312042,0.004945170599967241,0.006194795481860638
122,0.7873481512069702,-0.5279743075370789,0.15442578494548798,0.19975104928016663,0.2386021465063095,0.23861442506313324,0.004937656223773956,0.0061969817616045475
123,0.1924595981836319,0.4992537200450897,0.15884287655353546,0.20470185577869415,0.24230128526687622,0.24239607155323029,0.004903598688542843,0.006168138235807419
123,0.7898386716842651,-0.5236880779266357,0.1559985876083374,0.20055079460144043,0.24059386551380157,0.24075527489185333,0.00488321715965867,0.006175513844937086
124,0.1934264749288559,0.5003359317779541,0.15779846906661987,0.20434635877609253,0.2419910877943039,0.24209429323673248,0.0048776897601783276,0.006204145960509777
124,0.7698652148246765,-0.4718753695487976,0.15596890449523926,0.19959548115730286,0.23068447411060333,0.23068392276763916,0.004858332220464945,0.006198101677000523
125,0.191454216837883,0.4992695748806,0.15882563591003418,0.20427705347537994,0.24203123152256012,0.2420881986618042,0.004876864608377218,0.006242976989597082
125,0.7930080890655518,-0.5124610662460327,0.15555459260940552,0.20041300356388092,0.23935477435588837,0.23939107358455658,0.0048821247182786465,0.0062709650956094265
126,0.18945205211639404,0.4995078146457672,0.15787233412265778,0.20323936641216278,0.24117662012577057,0.2412450760602951,0.004895125515758991,0.006315312348306179
126,0.7783553004264832,-0.5175208449363708,0.15550574660301208,0.19974596798419952,0.23688729107379913,0.23679254949092865,0.004890512675046921,0.006326960865408182
127,0.18721476197242737,0.499037504196167,0.159630686044693,0.2044224888086319,0.24252884089946747,0.24257947504520416,0.004867285955697298,0.006317840423434973
127,0.7903140783309937,-0.5180526375770569,0.15604911744594574,0.1999046802520752,0.23483727872371674,0.234885111451149,0.0048392051830887794,0.006298518739640713
128,0.18599654734134674,0.4988182783126831,0.15920047461986542,0.20413511991500854,0.24255263805389404,0.24260713160037994,0.0048408107832074165,0.006328408606350422
128,0.7871915102005005,-0.5058099627494812,0.15789347887039185,0.2000083178281784,0.2368178814649582,0.23675642907619476,0.004825548268854618,0.006345065776258707
129,0.1870989054441452,0.4989563226699829,0.159576416015625,0.20459462702274323,0.24347950518131256,0.24355874955654144,0.0047936346381902695,0.0063172937370836735
129,0.7881511449813843,-0.48152464628219604,0.15642385184764862,0.20013326406478882,0.24169178307056427,0.24165213108062744,0.00477435952052474,0.0063080331310629845
130,0.18634209036827087,0.4993109107017517,0.15950988233089447,0.2032678723335266,0.24181388318538666,0.24186085164546967,0.004744991660118103,0.006255412474274635
130,0.7884068489074707,-0.5046980381011963,0.1578788161277771,0.20016708970069885,0.2343006283044815,0.23434127867221832,0.004721913021057844,0.00623914273455739
131,0.1857541799545288,0.49919837713241577,0.16015027463436127,0.2039344757795334,0.24233593046665192,0.2424095869064331,0.004714471288025379,0.006264329422265291
131,0.7795628905296326,-0.5042526721954346,0.1570451259613037,0.20087817311286926,0.23914039134979248,0.23915575444698334,0.004704019520431757,0.006275575142353773
132,0.18428708612918854,0.4990161657333374,0.160206139087677,0.20405569672584534,0.24207837879657745,0.24211806058883667,0.0047085280530154705,0.006309654098004103
132,0.7816848754882812,-0.49000024795532227,0.15801182389259338,0.19916313886642456,0.23591157793998718,0.23598922789096832,0.004709763452410698,0.006337044294923544
133,0.1856040209531784,0.4994034469127655,0.16005098819732666,0.204104945063591,0.24205775558948517,0.24208329617977142,0.004703282378613949,0.006343556102365255
133,0.783872127532959,-0.5199547410011292,0.15748776495456696,0.1998501867055893,0.2358078807592392,0.23574674129486084,0.004697342868894339,0.006358420941978693
134,0.18339674174785614,0.49924764037132263,0.16014814376831055,0.20383937656879425,0.24194210767745972,0.24197804927825928,0.004669962916523218,0.006327465642243624
134,0.7862390875816345,-0.4979844093322754,0.15678705275058746,0.19869060814380646,0.23228029906749725,0.23231317102909088,0.00466286251321435,0.006353333592414856
135,0.18396030366420746,0.49892088770866394,0.16091720759868622,0.2043319195508957,0.24207355082035065,0.2421078085899353,0.004666235763579607,0.006379862315952778
135,0.7872340679168701,-0.5238267183303833,0.1581553816795349,0.20062360167503357,0.23739749193191528,0.2374563068151474,0.004667619708925486,0.006405203603208065
136,0.18345342576503754,0.49877217411994934,0.16099786758422852,0.2039956897497177,0.2424250841140747,0.2425081878900528,0.004664609208703041,0.006408272311091423
136,0.7836682200431824,-0.4978765845298767,0.1583019196987152,0.19957540929317474,0.2362060248851776,0.2362736463546753,0.004647035617381334,0.006385848857462406
137,0.1836206465959549,0.49859145283699036,0.16130243241786957,0.20400239527225494,0.24239471554756165,0.24247775971889496,0.004653464071452618,0.006397021934390068
137,0.7818261981010437,-0.48314303159713745,0.15879112482070923,0.19974751770496368,0.23569823801517487,0.23577497899532318,0.004658028017729521,0.006414700765162706
138,0.18279041349887848,0.49916061758995056,0.16187767684459686,0.20443430542945862,0.2429649382829666,0.24304814636707306,0.004656480625271797,0.006416965276002884
138,0.774372935295105,-0.46132415533065796,0.1572667807340622,0.1993357092142105,0.23708322644233704,0.2370782196521759,0.004649022128432989,0.006397278048098087
139,0.18266351521015167,0.49903878569602966,0.16106905043125153,0.2036621868610382,0.24209249019622803,0.24212521314620972,0.004646817222237587,0.006394296418875456
139,0.7692769765853882,-0.4907199740409851,0.1565820425748825,0.20097219944000244,0.23656237125396729,0.2365206480026245,0.0046515194699168205,0.006419369950890541
140,0.1829896867275238,0.4991433620452881,0.16060954332351685,0.20335055887699127,0.2424319088459015,0.2425166368484497,0.004664587788283825,0.006474218796938658
140,0.7759708166122437,-0.45204097032546997,0.15875104069709778,0.20011112093925476,0.2369939535856247,0.23696094751358032,0.004675477743148804,0.006516983266919851
141,0.1849173754453659,0.4995502233505249,0.1614568680524826,0.2039778083562851,0.24267278611660004,0.24273233115673065,0.004675300791859627,0.006544105242937803
141,0.7666414976119995,-0.49116024374961853,0.15814746916294098,0.19830383360385895,0.2397070825099945,0.23969218134880066,0.004669694229960442,0.006548880133777857
142,0.1803666055202484,0.4991607666015625,0.16119255125522614,0.20330721139907837,0.24062509834766388,0.24068312346935272,0.0046541448682546616,0.006538542453199625
142,0.7681946754455566,-0.504941999912262,0.15757301449775696,0.1993531435728073,0.23915982246398926,0.2392463982105255,0.004649756941944361,0.006545629817992449
143,0.18056415021419525,0.49882057309150696,0.16149240732192993,0.20346710085868835,0.24173764884471893,0.2417774200439453,0.00465452391654253,0.00656698876991868
143,0.767094612121582,-0.4870463013648987,0.15867654979228973,0.19820351898670197,0.2366982102394104,0.2368243783712387,0.004653061740100384,0.006562947295606136
144,0.1802278757095337,0.49886539578437805,0.16237476468086243,0.20353277027606964,0.24180561304092407,0.24182763695716858,0.00466585299000144,0.006569129414856434
144,0.7621259093284607,-0.4937323033809662,0.15902920067310333,0.19912876188755035,0.2373228669166565,0.2372961938381195,0.004667430650442839,0.0065867104567587376
145,0.17960891127586365,0.4986235499382019,0.16267256438732147,0.20322808623313904,0.2419213503599167,0.24192774295806885,0.004664984531700611,0.006598406936973333
145,0.7755076289176941,-0.49378180503845215,0.1605457365512848,0.19997364282608032,0.23794738948345184,0.23800881206989288,0.004672840237617493,0.006627589464187622
146,0.17785997688770294,0.4988189935684204,0.16260534524917603,0.2035614401102066,0.24159552156925201,0.24162523448467255,0.004664044827222824,0.0066200862638652325
146,0.7608116865158081,-0.4813481569290161,0.1586083024740219,0.19915635883808136,0.2349514663219452,0.2349763959646225,0.004654780961573124,0.006630119401961565
147,0.1773291826248169,0.4993093013763428,0.1608886867761612,0.2022230178117752,0.24032700061798096,0.24036365747451782,0.004677106626331806,0.00670222332701087
147,0.7729262113571167,-0.5207138061523438,0.15906336903572083,0.19873365759849548,0.2344103455543518,0.2343466579914093,0.004707609303295612,0.0067604961805045605
148,0.1783568412065506,0.4988180994987488,0.16176959872245789,0.2032371461391449,0.24077676236629486,0.24080663919448853,0.004720505326986313,0.0067762043327093124
148,0.7520660161972046,-0.46997830271720886,0.15962161123752594,0.19800977408885956,0.23180462419986725,0.23188114166259766,0.004728417377918959,0.006768569350242615
149,0.17954246699810028,0.49976757168769836,0.16009236872196198,0.20164641737937927,0.23960474133491516,0.2396392673254013,0.0047449152916669846,0.006791687570512295
149,0.7650570869445801,-0.504340410232544,0.15935897827148438,0.19810569286346436,0.2351475954055786,0.2351633906364441,0.004724880680441856,0.006760503631085157
150,0.17749616503715515,0.4990108907222748,0.1615678369998932,0.20244865119457245,0.2400037944316864,0.24003714323043823,0.004709170665591955,0.006760822609066963
150,0.7481586933135986,-0.42265281081199646,0.1580321192741394,0.1994129717350006,0.23841050267219543,0.23834902048110962,0.004704238381236792,0.006790667772293091
151,0.17735059559345245,0.49931079149246216,0.1614377647638321,0.20252375304698944,0.2397785186767578,0.239829882979393,0.004698025528341532,0.006785516161471605
151,0.7672550082206726,-0.47524094581604004,0.15941618382930756,0.1980017125606537,0.2352285534143448,0.23533549904823303,0.004701531492173672,0.006797744892537594
152,0.1778583973646164,0.49960801005363464,0.1614636927843094,0.20266515016555786,0.23833534121513367,0.2383899688720703,0.004711070563644171,0.006820692215114832
152,0.7601982951164246,-0.4873482584953308,0.15921252965927124,0.19661478698253632,0.2280845195055008,0.22803868353366852,0.004711056128144264,0.006845996715128422
153,0.17694541811943054,0.49961429834365845,0.16016258299350739,0.2013031393289566,0.2388087511062622,0.23885664343833923,0.0047043003141880035,0.006855364888906479
153,0.7414559125900269,-0.4458640515804291,0.15636347234249115,0.19750356674194336,0.2320757508277893,0.23205776512622833,0.004693368449807167,0.00685090571641922
154,0.17237871885299683,0.4989190995693207,0.1603790670633316,0.2012590616941452,0.2369135469198227,0.23698286712169647,0.004705599509179592,0.006869878154247999
154,0.7555682063102722,-0.4763220250606537,0.15920308232307434,0.19742290675640106,0.2320866584777832,0.2321176826953888,0.0046984488144516945,0.006854349747300148
155,0.17394548654556274,0.49855107069015503,0.16133399307727814,0.20193853974342346,0.23777137696743011,0.23779834806919098,0.004719975404441357,0.006849450059235096
155,0.7623662352561951,-0.47813868522644043,0.1594551056623459,0.19766484200954437,0.2329857498407364,0.2331034541130066,0.004739436320960522,0.006867196876555681
156,0.17318695783615112,0.49883517622947693,0.1613742858171463,0.20199047029018402,0.2378840297460556,0.2379373013973236,0.00474008172750473,0.006903399247676134
156,0.7581843137741089,-0.4942631721496582,0.16102072596549988,0.19739805161952972,0.23040714859962463,0.2304038554430008,0.004734210204333067,0.006932559888809919
157,0.17062784731388092,0.4994075894355774,0.16061463952064514,0.20107822120189667,0.2365746647119522,0.23657912015914917,0.004720854107290506,0.006950054317712784
157,0.7343751788139343,-0.49781534075737,0.15869374573230743,0.19660761952400208,0.2328520268201828,0.23286515474319458,0.00469477754086256,0.006933022756129503
158,0.17036966979503632,0.49899935722351074,0.1613231897354126,0.20140942931175232,0.23781278729438782,0.23789255321025848,0.004723863210529089,0.00696912407875061
158,0.7616934180259705,-0.4765509068965912,0.15875065326690674,0.19650743901729584,0.22864903509616852,0.22869372367858887,0.004753036890178919,0.006986281368881464
159,0.17058488726615906,0.49886471033096313,0.16140583157539368,0.20172682404518127,0.23841825127601624,0.2384432852268219,0.004771279636770487,0.0070181842893362045
159,0.7544023394584656,-0.44679194688796997,0.15851378440856934,0.1970887929201126,0.23206332325935364,0.23202429711818695,0.004772163927555084,0.007033871952444315
160,0.1704297512769699,0.49881353974342346,0.16176073253154755,0.2015545666217804,0.23774808645248413,0.23781801760196686,0.004756399430334568,0.007022260222584009
160,0.7583763599395752,-0.45675814151763916,0.15989236533641815,0.19762904942035675,0.22977310419082642,0.22975783050060272,0.004762087017297745,0.0070252674631774426
161,0.17006054520606995,0.4987669885158539,0.16185830533504486,0.2018088847398758,0.2377987504005432,0.2378469854593277,0.0047735292464494705,0.00705249747261405
161,0.7540601491928101,-0.4773663282394409,0.16080515086650848,0.1978728026151657,0.2321203649044037,0.23213118314743042,0.004777688067406416,0.007093325257301331
162,0.1688176542520523,0.4987718462944031,0.16289879381656647,0.20228810608386993,0.2383507341146469,0.23840755224227905,0.004776527173817158,0.007143552880734205
162,0.750015139579773,-0.470153272151947,0.15863770246505737,0.19699648022651672,0.23197056353092194,0.23189660906791687,0.004765385761857033,0.007167844567447901
163,0.1704167127609253,0.4985570013523102,0.1618715077638626,0.20155319571495056,0.237722247838974,0.23779065907001495,0.004732864908874035,0.0071357907727360725
163,0.7538555860519409,-0.4648999571800232,0.16101720929145813,0.19858132302761078,0.23417247831821442,0.2341798096895218,0.004707280080765486,0.00709610665217042
164,0.16931971907615662,0.4988187849521637,0.16323326528072357,0.20240390300750732,0.2394081950187683,0.2394748479127884,0.004709585569798946,0.007085035555064678
164,0.7536072731018066,-0.4904392957687378,0.1593909114599228,0.1971968412399292,0.2337038815021515,0.23364299535751343,0.004705730825662613,0.0070686000399291515
165,0.16870759427547455,0.49955445528030396,0.161618173122406,0.20119968056678772,0.23654639720916748,0.23652581870555878,0.004719791933894157,0.007043469697237015
165,0.745389461517334,-0.5322957634925842,0.16152320802211761,0.1950889378786087,0.23137687146663666,0.231262668967247,0.004711845889687538,0.007008304353803396
166,0.16776737570762634,0.5000269412994385,0.16113793849945068,0.20072244107723236,0.23659606277942657,0.23659978806972504,0.004705346655100584,0.006980216130614281
166,0.756428599357605,-0.4831601083278656,0.16019600629806519,0.19754478335380554,0.22966131567955017,0.2296592891216278,0.0047007673420012,0.006951755844056606
167,0.1668415665626526,0.4989382028579712,0.1620560884475708,0.2017107605934143,0.237722247838974,0.23784612119197845,0.00471055693924427,0.006936270743608475
167,0.7497433423995972,-0.45949482917785645,0.15984493494033813,0.19677162170410156,0.22778554260730743,0.22787697613239288,0.004731048829853535,0.006929089780896902
168,0.16880184412002563,0.49941468238830566,0.16090115904808044,0.2002992182970047,0.2353375405073166,0.2353726029396057,0.004738433286547661,0.00693488959223032
168,0.7424850463867188,-0.5175813436508179,0.15706728398799896,0.1963895857334137,0.2290099561214447,0.2289705127477646,0.0047637117095291615,0.0069770896807312965
169,0.16527797281742096,0.49902284145355225,0.1604745090007782,0.2002580463886261,0.23530572652816772,0.23531335592269897,0.004754821304231882,0.007017631083726883
169,0.7504317164421082,-0.48230624198913574,0.15943390130996704,0.1955205351114273,0.22924669086933136,0.22920361161231995,0.004730495158582926,0.007031450513750315
170,0.1630149483680725,0.4987250566482544,0.16145019233226776,0.2002551406621933,0.23556046187877655,0.23564693331718445,0.004735088441520929,0.007048217114061117
170,0.7510077953338623,-0.4936297833919525,0.1590605229139328,0.19640840590000153,0.23000673949718475,0.23000076413154602,0.004734572488814592,0.007085652090609074
171,0.16378217935562134,0.4985102117061615,0.16159431636333466,0.20057417452335358,0.23619364202022552,0.236237034201622,0.004724240396171808,0.007126726675778627
171,0.7480218410491943,-0.49303269386291504,0.15888868272304535,0.19612763822078705,0.23082052171230316,0.23077823221683502,0.004723091144114733,0.007173421327024698
172,0.1628788709640503,0.4987916648387909,0.16122911870479584,0.1999594271183014,0.2358180582523346,0.2358464002609253,0.004742439836263657,0.007168393116444349
172,0.7175698280334473,-0.41743242740631104,0.1569717526435852,0.19520048797130585,0.22691228985786438,0.22701483964920044,0.0047484878450632095,0.007159201893955469
173,0.16228991746902466,0.4987793266773224,0.16128228604793549,0.199480339884758,0.23570074141025543,0.23573952913284302,0.004777719732373953,0.007191847078502178
173,0.7515887022018433,-0.4913666248321533,0.15938353538513184,0.1966932862997055,0.23246197402477264,0.23238174617290497,0.0047844466753304005,0.007200300693511963
174,0.16244268417358398,0.49870041012763977,0.16173410415649414,0.20013436675071716,0.23611706495285034,0.23615264892578125,0.004796085879206657,0.007240389473736286
174,0.7411989569664001,-0.4722464680671692,0.1588466763496399,0.19580547511577606,0.23036421835422516,0.23027871549129486,0.004792365711182356,0.007221419829875231
175,0.1621386706829071,0.49943020939826965,0.15876144170761108,0.19904844462871552,0.2342361956834793,0.23422126471996307,0.004786478355526924,0.007196946535259485
175,0.7373663187026978,-0.4987144470214844,0.15789645910263062,0.19530485570430756,0.23025639355182648,0.23030425608158112,0.004781998228281736,0.007184410467743874
176,0.15846911072731018,0.4987885355949402,0.15923325717449188,0.19882848858833313,0.23346944153308868,0.23351521790027618,0.004800144117325544,0.0071798525750637054
176,0.7497416734695435,-0.49383223056793213,0.15732866525650024,0.19542333483695984,0.22932550311088562,0.22929252684116364,0.004800874274224043,0.007137289736419916
177,0.1576356291770935,0.49868693947792053,0.16022977232933044,0.19948264956474304,0.23443834483623505,0.23445762693881989,0.004767713136970997,0.007115206215530634
177,0.7283441424369812,-0.49310749769210815,0.15701138973236084,0.19528715312480927,0.23028218746185303,0.2303294688463211,0.004742434713989496,0.007107608951628208
178,0.15636180341243744,0.49858397245407104,0.15960638225078583,0.19871371984481812,0.23404784500598907,0.2340744137763977,0.0047388686798512936,0.007083773147314787
178,0.74323570728302,-0.44903481006622314,0.15604035556316376,0.195743590593338,0.22618411481380463,0.22626398503780365,0.004730631597340107,0.007076760288327932
179,0.15704156458377838,0.49857357144355774,0.1610424965620041,0.2000090628862381,0.23579122126102448,0.23580095171928406,0.004735082853585482,0.00710376026108861
179,0.7494279742240906,-0.498808354139328,0.15733455121517181,0.19532138109207153,0.22964750230312347,0.22960932552814484,0.004737837705761194,0.00713414466008544
180,0.15864422917366028,0.4990411102771759,0.1598692536354065,0.1990991234779358,0.23606421053409576,0.23609031736850739,0.0047364444471895695,0.007145108189433813
180,0.7482625246047974,-0.44297558069229126,0.1558373123407364,0.1950041800737381,0.22856807708740234,0.22857794165611267,0.004733445588499308,0.0071370261721313
181,0.15682396292686462,0.49905452132225037,0.15916132926940918,0.19859500229358673,0.23424406349658966,0.23426206409931183,0.004724515601992607,0.007107889745384455
181,0.7232412099838257,-0.4814915060997009,0.1560123711824417,0.1956574022769928,0.22951671481132507,0.22948943078517914,0.004716645926237106,0.007098352070897818
182,0.15493187308311462,0.49858006834983826,0.15963780879974365,0.19874151051044464,0.2341628223657608,0.23421667516231537,0.004721017554402351,0.0070877219550311565
182,0.7387205362319946,-0.47997796535491943,0.15780194103717804,0.19455955922603607,0.22862382233142853,0.22858332097530365,0.004723682999610901,0.007100967224687338
183,0.15419362485408783,0.4988892376422882,0.15960514545440674,0.1983526051044464,0.23378024995326996,0.23383201658725739,0.0047410111874341965,0.007099148817360401
183,0.7317667007446289,-0.5110129714012146,0.1565283238887787,0.1936592161655426,0.23071683943271637,0.23084218800067902,0.004749498795717955,0.007121569011360407
184,0.15515287220478058,0.49856337904930115,0.1602795571088791,0.1989162415266037,0.2349543422460556,0.23495495319366455,0.004759982693940401,0.00713092926889658
184,0.7335739135742188,-0.4955359101295471,0.1574801504611969,0.1943276971578598,0.2303636521100998,0.23035232722759247,0.004768487997353077,0.007132837548851967
185,0.15740422904491425,0.499332994222641,0.15999539196491241,0.19848203659057617,0.2355835735797882,0.2355770319700241,0.0047648074105381966,0.007153401151299477
185,0.7301859855651855,-0.5299748182296753,0.15795239806175232,0.1952703446149826,0.22942477464675903,0.22933904826641083,0.004766941536217928,0.007191527169197798
186,0.1545811891555786,0.49872422218322754,0.15981674194335938,0.19818000495433807,0.23497092723846436,0.23498448729515076,0.004766321275383234,0.007230154704302549
186,0.7398635745048523,-0.48828399181365967,0.15770301222801208,0.19403856992721558,0.2290319949388504,0.22897520661354065,0.004758600611239672,0.007238613907247782
187,0.1543097048997879,0.49843817949295044,0.1595088392496109,0.1980164349079132,0.23485426604747772,0.2348972111940384,0.00478435680270195,0.007209588307887316
187,0.7380739450454712,-0.48306918144226074,0.1584973931312561,0.1946166455745697,0.23258979618549347,0.23260590434074402,0.004803395364433527,0.007168428972363472
188,0.1530994027853012,0.4984671473503113,0.1600426286458969,0.19802100956439972,0.23577472567558289,0.23579037189483643,0.004778856877237558,0.0071528609842062
188,0.7312130331993103,-0.46473532915115356,0.15883475542068481,0.19482235610485077,0.2305736243724823,0.23064696788787842,0.004765087738633156,0.007171963807195425
189,0.15507304668426514,0.49845582246780396,0.16046403348445892,0.19847270846366882,0.2363315373659134,0.2363709956407547,0.004769075196236372,0.007209324277937412
189,0.715599000453949,-0.45129165053367615,0.15894310176372528,0.1944727599620819,0.2327219545841217,0.23270152509212494,0.004769256804138422,0.007223387714475393
190,0.1555342823266983,0.4991637170314789,0.16026252508163452,0.19874252378940582,0.23661001026630402,0.23664790391921997,0.004760686308145523,0.007185875903815031
190,0.7212181091308594,-0.48681697249412537,0.15887504816055298,0.19417180120944977,0.22934751212596893,0.229196235537529,0.004749885760247707,0.00716791395097971
191,0.15402449667453766,0.49864456057548523,0.15955865383148193,0.19775232672691345,0.23510217666625977,0.2351263016462326,0.0047479234635829926,0.007116705644875765
191,0.7151565551757812,-0.4957836866378784,0.15863457322120667,0.1948348730802536,0.23090021312236786,0.230794295668602,0.004735304042696953,0.0070993113331496716
192,0.15374495089054108,0.4986305236816406,0.1605277806520462,0.19875457882881165,0.23561516404151917,0.2356645166873932,0.004741651937365532,0.007131082471460104
192,0.7192084193229675,-0.46157997846603394,0.15733198821544647,0.1954134702682495,0.23028241097927094,0.23026898503303528,0.004751542583107948,0.007156541105359793
193,0.15428562462329865,0.4986817240715027,0.16074594855308533,0.1990957409143448,0.23680080473423004,0.23681394755840302,0.004759809467941523,0.007177793420851231
193,0.7167439460754395,-0.47316551208496094,0.15618284046649933,0.19472691416740417,0.23061956465244293,0.23059871792793274,0.004772519692778587,0.007190466858446598
194,0.15418636798858643,0.49872952699661255,0.16049440205097198,0.19874027371406555,0.2365623265504837,0.2366451770067215,0.004802720155566931,0.007221634965389967
194,0.7268871068954468,-0.478682279586792,0.15794892609119415,0.19455242156982422,0.23002034425735474,0.22999560832977295,0.004840458277612925,0.007252175826579332
195,0.15282879769802094,0.49854904413223267,0.1600186973810196,0.1985088586807251,0.2366856336593628,0.23671089112758636,0.004840242210775614,0.007221026346087456
195,0.7293498516082764,-0.479930579662323,0.15706367790699005,0.1946088671684265,0.23504061996936798,0.23502692580223083,0.004840233828872442,0.007238971535116434
196,0.15506689250469208,0.49919894337654114,0.15959228575229645,0.19830438494682312,0.2352517694234848,0.23530693352222443,0.004825457464903593,0.007248737849295139
196,0.7209935188293457,-0.4910505414009094,0.15718886256217957,0.193871408700943,0.23030997812747955,0.2303375005722046,0.004796286579221487,0.007245626766234636
197,0.1534000039100647,0.4985581934452057,0.1594875007867813,0.1981389820575714,0.2360643744468689,0.23604843020439148,0.004776855930685997,0.007228957489132881
197,0.719389796257019,-0.4553903043270111,0.15726490318775177,0.1947220265865326,0.2320459932088852,0.2321780025959015,0.004771953448653221,0.00719670532271266
198,0.15240159630775452,0.49839675426483154,0.16002675890922546,0.1987796276807785,0.23679989576339722,0.23683089017868042,0.004762475844472647,0.00718714902177453
198,0.7302501201629639,-0.48288673162460327,0.15760260820388794,0.19445523619651794,0.2311698943376541,0.2312593311071396,0.004764322191476822,0.007190691772848368
199,0.15258221328258514,0.4994697570800781,0.158451110124588,0.1975676566362381,0.23562438786029816,0.23565873503684998,0.004762291442602873,0.0071969847194850445
199,0.7271239161491394,-0.4772129952907562,0.15584485232830048,0.19340631365776062,0.22983837127685547,0.22982655465602875,0.004746169317513704,0.007168466690927744
200,0.14926670491695404,0.4984365403652191,0.15928582847118378,0.19780896604061127,0.23545199632644653,0.23543158173561096,0.004738231189548969,0.007121151778846979
200,0.7214187979698181,-0.4734044075012207,0.15639805793762207,0.19278466701507568,0.23039792478084564,0.2303689420223236,0.004741802345961332,0.007074000313878059
201,0.14894108474254608,0.49839895963668823,0.15898047387599945,0.19728174805641174,0.23487113416194916,0.23490124940872192,0.004746103659272194,0.007094430271536112
201,0.7195851802825928,-0.4702768325805664,0.1581857055425644,0.19369854032993317,0.2304781973361969,0.2304447740316391,0.0047701518051326275,0.0071298168040812016
202,0.14760074019432068,0.49845680594444275,0.1596570611000061,0.19743406772613525,0.23520326614379883,0.2352430373430252,0.00477202795445919,0.007130699697881937
202,0.7179737091064453,-0.5013750791549683,0.1565837413072586,0.19314183294773102,0.22973334789276123,0.22974441945552826,0.004763647448271513,0.007126152515411377
203,0.14687763154506683,0.4983164966106415,0.15966783463954926,0.197462260723114,0.2353208363056183,0.2353774905204773,0.004759421106427908,0.00716007873415947
203,0.7091516256332397,-0.4803329408168793,0.15813012421131134,0.1937142163515091,0.23320184648036957,0.23319827020168304,0.004761997610330582,0.007161758840084076
204,0.1475118100643158,0.49856436252593994,0.1588895171880722,0.19667786359786987,0.23457808792591095,0.23458950221538544,0.004753039684146643,0.007139992900192738
204,0.7040410041809082,-0.5046595931053162,0.1573401838541031,0.19412623345851898,0.2310458868741989,0.2309737354516983,0.004739244002848864,0.007096981164067984
205,0.14667737483978271,0.4983327388763428,0.15927523374557495,0.19657903909683228,0.2348271608352661,0.23488683998584747,0.004739162977784872,0.007091294042766094
205,0.7095572352409363,-0.5025216937065125,0.15869365632534027,0.19437795877456665,0.2313617616891861,0.23141424357891083,0.004744037985801697,0.007132722530514002
206,0.14620742201805115,0.4982972741127014,0.15978176891803741,0.19672361016273499,0.2356550246477127,0.23572422564029694,0.004773534368723631,0.007124830037355423
206,0.7142226696014404,-0.4934860169887543,0.15851929783821106,0.19348245859146118,0.2326376885175705,0.23255498707294464,0.004806669428944588,0.007127925753593445
207,0.14696930348873138,0.49846088886260986,0.1603446900844574,0.1978701651096344,0.23639973998069763,0.23638352751731873,0.004814633168280125,0.007114714942872524
207,0.7068721652030945,-0.48869451880455017,0.15736284852027893,0.1948729008436203,0.22997644543647766,0.22997508943080902,0.004824152681976557,0.007105017546564341
208,0.1457235962152481,0.49848824739456177,0.16056762635707855,0.19763587415218353,0.2369074672460556,0.23692460358142853,0.004813922569155693,0.007141190581023693
208,0.6922595500946045,-0.4519786834716797,0.15747106075286865,0.19358743727207184,0.2334037721157074,0.23342183232307434,0.004814804065972567,0.007180575747042894
209,0.14788572490215302,0.49834302067756653,0.15963977575302124,0.19729948043823242,0.23709534108638763,0.23713070154190063,0.004803430289030075,0.007205557078123093
209,0.7119449973106384,-0.5076562762260437,0.15853989124298096,0.19356928765773773,0.23382307589054108,0.23387020826339722,0.004797733388841152,0.007248489651829004
210,0.14753717184066772,0.4984114468097687,0.16067206859588623,0.19803062081336975,0.23742952942848206,0.23744836449623108,0.004810219630599022,0.007246385328471661
210,0.7042003870010376,-0.480771005153656,0.15871752798557281,0.19370214641094208,0.23114633560180664,0.23115669190883636,0.004819898400455713,0.007237008307129145
211,0.14501655101776123,0.49833130836486816,0.1602284014225006,0.19736653566360474,0.23672907054424286,0.2367408722639084,0.004824529867619276,0.007203170098364353
211,0.7061780691146851,-0.49320101737976074,0.1588800549507141,0.1930444836616516,0.23144108057022095,0.23151598870754242,0.004841274116188288,0.007185665424913168
212,0.14483898878097534,0.4983389675617218,0.1605062335729599,0.19723914563655853,0.23742742836475372,0.23746955394744873,0.0048522367142140865,0.007179860025644302
212,0.6870204210281372,-0.4894254207611084,0.15908347070217133,0.19319655001163483,0.23174074292182922,0.23175889253616333,0.004844412207603455,0.007130004465579987
213,0.14517489075660706,0.498337984085083,0.15995649993419647,0.19706682860851288,0.23655864596366882,0.2365935742855072,0.004838867578655481,0.0070789470337331295
213,0.7006213665008545,-0.47881007194519043,0.15847168862819672,0.1942160725593567,0.23415535688400269,0.23429007828235626,0.004834955558180809,0.007086004596203566
214,0.147984117269516,0.49856066703796387,0.16048084199428558,0.19768212735652924,0.2370080202817917,0.2370159924030304,0.004849429242312908,0.007037704810500145
214,0.7068886160850525,-0.4902459979057312,0.1588604897260666,0.1937597244977951,0.23134304583072662,0.23143671452999115,0.004867177456617355,0.00698411650955677
215,0.14527836441993713,0.4984186291694641,0.16048915684223175,0.19757838547229767,0.2368486225605011,0.23685069382190704,0.00486883195117116,0.007003417704254389
215,0.6961466670036316,-0.437750905752182,0.15803268551826477,0.19361305236816406,0.23224109411239624,0.2322239726781845,0.004862096160650253,0.007007724605500698
216,0.1426682472229004,0.4982540011405945,0.15884476900100708,0.19565758109092712,0.2352609634399414,0.23523999750614166,0.004856607876718044,0.007095223292708397
216,0.6869765520095825,-0.524234414100647,0.15749353170394897,0.19295938313007355,0.23129460215568542,0.23131617903709412,0.004841059911996126,0.007144457194954157
217,0.14845992624759674,0.5004719495773315,0.1578167974948883,0.19627702236175537,0.2352801114320755,0.2353244572877884,0.0048498851247131824,0.007189073134213686
217,0.7083914279937744,-0.536557674407959,0.15599828958511353,0.1928074210882187,0.23073849081993103,0.23073330521583557,0.004870472475886345,0.0072266594506800175
218,0.15114864706993103,0.4991370737552643,0.1593988835811615,0.19789500534534454,0.23774752020835876,0.23773936927318573,0.0048607951030135155,0.007222484797239304
218,0.6983331441879272,-0.47953709959983826,0.15684017539024353,0.19394950568675995,0.23169703781604767,0.2317151129245758,0.004861346445977688,0.00724237272515893
219,0.1491125077009201,0.4982713460922241,0.15980882942676544,0.19752401113510132,0.23776516318321228,0.23781971633434296,0.004866993986070156,0.007261587772518396
219,0.6887181997299194,-0.4808971881866455,0.15766458213329315,0.19387178122997284,0.2339160442352295,0.23392073810100555,0.0048590186052024364,0.007264479994773865
220,0.14632540941238403,0.49811017513275146,0.1602540761232376,0.19695547223091125,0.2379249781370163,0.23794011771678925,0.0048630330711603165,0.007306069601327181
220,0.6910572052001953,-0.48582667112350464,0.15851430594921112,0.1942758709192276,0.23446249961853027,0.23452617228031158,0.004869020078331232,0.0073217651806771755
221,0.14643517136573792,0.4981907606124878,0.1602187156677246,0.19757606089115143,0.23833972215652466,0.23840394616127014,0.0048712207935750484,0.007288380991667509
221,0.6942319869995117,-0.49238961935043335,0.15841826796531677,0.19302211701869965,0.23507651686668396,0.23500825464725494,0.004874270875006914,0.00726826349273324
222,0.14566761255264282,0.4983469247817993,0.16006824374198914,0.19728519022464752,0.2376708984375,0.23772060871124268,0.004887521266937256,0.007266470696777105
222,0.691429078578949,-0.5037685632705688,0.15869641304016113,0.1938161998987198,0.23464344441890717,0.23460157215595245,0.004915801342576742,0.007312028203159571
223,0.14647194743156433,0.4983721077442169,0.16095100343227386,0.19785794615745544,0.23938369750976562,0.23939795792102814,0.004916440695524216,0.007298933807760477
223,0.677358865737915,-0.4788706302642822,0.1591588407754898,0.19383734464645386,0.23455680906772614,0.23458316922187805,0.004916014615446329,0.007310316897928715
224,0.14401757717132568,0.49815741181373596,0.16059869527816772,0.19723497331142426,0.23818399012088776,0.23819667100906372,0.00492847990244627,0.0072762626223266125
224,0.6872519254684448,-0.49056100845336914,0.15754131972789764,0.19417105615139008,0.23294991254806519,0.23291675746440887,0.004914871882647276,0.0072067719884216785
225,0.14487747848033905,0.4982956051826477,0.16079048812389374,0.1975431889295578,0.238673597574234,0.2386670559644699,0.004936226177960634,0.0071824402548372746
225,0.6767112612724304,-0.4961734712123871,0.15749908983707428,0.19346477091312408,0.23522107303142548,0.23515549302101135,0.004950990434736013,0.0071577406488358974
226,0.14436334371566772,0.49830687046051025,0.1601654291152954,0.1975497305393219,0.23879890143871307,0.23883062601089478,0.004937611985951662,0.007174462080001831
226,0.6940991282463074,-0.49491795897483826,0.1582309603691101,0.19353245198726654,0.23417791724205017,0.2341948002576828,0.004937945399433374,0.0072488198056817055
227,0.14201469719409943,0.4982191026210785,0.15998461842536926,0.197199285030365,0.23831678926944733,0.23834089934825897,0.004938327241688967,0.007294914219528437
227,0.695539653301239,-0.5129204988479614,0.158917635679245,0.19293291866779327,0.2333776205778122,0.23341462016105652,0.0049286880530416965,0.007273213937878609
228,0.1414632946252823,0.498200386762619,0.16042178869247437,0.19687768816947937,0.2379225492477417,0.2379448264837265,0.004946793895214796,0.0072716916911304
228,0.6896378397941589,-0.4921466112136841,0.15757548809051514,0.19417034089565277,0.23338481783866882,0.23336189985275269,0.004941809456795454,0.007263868115842342
229,0.14361083507537842,0.4984968602657318,0.1601308286190033,0.19686923921108246,0.2380807101726532,0.23808322846889496,0.00493285758420825,0.007298565004020929
229,0.6854132413864136,-0.4735478162765503,0.15453790128231049,0.19327963888645172,0.23451146483421326,0.23456785082817078,0.0049432991072535515,0.007359099108725786
230,0.14317578077316284,0.4985554814338684,0.15848830342292786,0.19577212631702423,0.23604924976825714,0.23605996370315552,0.00495406286790967,0.007282753009349108
230,0.6730408668518066,-0.4924496114253998,0.15784084796905518,0.19285185635089874,0.23443517088890076,0.23447656631469727,0.00495405588299036,0.007167010568082333
231,0.1420382857322693,0.49860915541648865,0.1587081253528595,0.19645652174949646,0.2362654060125351,0.23628811538219452,0.004966959357261658,0.007132630329579115
231,0.6772472858428955,-0.4725435972213745,0.15457342565059662,0.19155262410640717,0.2307436168193817,0.2306836098432541,0.004975589457899332,0.007129230536520481
232,0.1443149596452713,0.49940067529678345,0.15788352489471436,0.1967485398054123,0.2366144210100174,0.23663420975208282,0.004980729892849922,0.007096026558429003
232,0.6949431300163269,-0.5310395359992981,0.1546088308095932,0.1922406107187271,0.2335808277130127,0.233668714761734,0.0049898456782102585,0.007137445267289877
233,0.14607873558998108,0.4991171360015869,0.1580028235912323,0.19634689390659332,0.23594102263450623,0.23593373596668243,0.005002515856176615,0.00713074766099453
233,0.6789373755455017,-0.5189791917800903,0.15797170996665955,0.1927257925271988,0.23499147593975067,0.23496165871620178,0.0050085787661373615,0.007095094304531813
234,0.1424592137336731,0.4981387257575989,0.15930603444576263,0.1964494287967682,0.23673509061336517,0.2367679476737976,0.0050095622427761555,0.007070532534271479
234,0.6875377893447876,-0.5135452151298523,0.156732439994812,0.19339920580387115,0.23293045163154602,0.232978954911232,0.005022701341658831,0.007111384067684412
235,0.14373821020126343,0.4981249272823334,0.15889237821102142,0.19665294885635376,0.2368704378604889,0.23688924312591553,0.005025235004723072,0.007156973704695702
235,0.6795563101768494,-0.5021898746490479,0.15751676261425018,0.1927543431520462,0.23486794531345367,0.2349332720041275,0.005022052675485611,0.007179870270192623
236,0.1440102905035019,0.49818646907806396,0.16008397936820984,0.19764579832553864,0.23814454674720764,0.23818519711494446,0.005012531764805317,0.007174001540988684
236,0.6856324076652527,-0.5103058815002441,0.1579495370388031,0.19324633479118347,0.2334875911474228,0.23355743288993835,0.0050134542398154736,0.007162374909967184
237,0.14225821197032928,0.49818122386932373,0.15917710959911346,0.1967546045780182,0.23748581111431122,0.23751726746559143,0.005049922503530979,0.007185610942542553
237,0.6616144180297852,-0.4935546815395355,0.15595269203186035,0.19275355339050293,0.2346530556678772,0.2346111238002777,0.005077838432043791,0.0071723186410963535
238,0.15170642733573914,0.500884473323822,0.15768679976463318,0.19631056487560272,0.2374269664287567,0.23746199905872345,0.005077315494418144,0.007203285116702318
238,0.6648852825164795,-0.4935551881790161,0.15616925060749054,0.1917896568775177,0.23511600494384766,0.2350272238254547,0.005087513010948896,0.00722323777154088
239,0.1460655927658081,0.49885931611061096,0.15850193798542023,0.1976691633462906,0.23951585590839386,0.23952968418598175,0.005094566382467747,0.007232340984046459
239,0.6687886118888855,-0.5188378691673279,0.15564921498298645,0.19383658468723297,0.2335495799779892,0.23372361063957214,0.005104714073240757,0.007281858008354902
240,0.14544939994812012,0.4983430802822113,0.15832915902137756,0.19739718735218048,0.23792138695716858,0.23796938359737396,0.00512316171079874,0.0073149558156728745
240,0.670272946357727,-0.5217965841293335,0.15526710450649261,0.19376260042190552,0.2338806390762329,0.23381417989730835,0.0051150755025446415,0.0073409960605204105
241,0.1433536857366562,0.4983259439468384,0.15811415016651154,0.19663967192173004,0.23770909011363983,0.23773141205310822,0.005107162520289421,0.00735093466937542
241,0.6436942219734192,-0.5151480436325073,0.15590234100818634,0.1930433213710785,0.23348194360733032,0.2335202395915985,0.005100264213979244,0.007327310740947723
242,0.1446007341146469,0.49922803044319153,0.1568283587694168,0.196681410074234,0.23756830394268036,0.23760059475898743,0.005092365201562643,0.007332966197282076
242,0.6594332456588745,-0.49651357531547546,0.15408790111541748,0.19216348230838776,0.2318762242794037,0.23186853528022766,0.005083595402538776,0.007335157133638859
243,0.14383041858673096,0.4991396367549896,0.15666797757148743,0.19606290757656097,0.23666492104530334,0.23672662675380707,0.005067804828286171,0.007281553000211716
243,0.6935810446739197,-0.5124187469482422,0.154168963432312,0.19218215346336365,0.23301051557064056,0.23302054405212402,0.005068139173090458,0.0072848559357225895
244,0.14025340974330902,0.4981783926486969,0.15712451934814453,0.196291983127594,0.23668372631072998,0.2367527186870575,0.005064107943326235,0.007339646108448505
244,0.6807727813720703,-0.5142590999603271,0.15531490743160248,0.19235597550868988,0.23272062838077545,0.23281900584697723,0.0050697545520961285,0.007450314238667488
245,0.13954788446426392,0.498031884431839,0.1579226851463318,0.1966644525527954,0.23738111555576324,0.23743106424808502,0.0050851721316576,0.007496020756661892
245,0.6820890307426453,-0.5085852146148682,0.15576644241809845,0.1928972601890564,0.23437421023845673,0.23434843122959137,0.005111774429678917,0.0075354971922934055
246,0.1395787000656128,0.4980594217777252,0.15801483392715454,0.19675207138061523,0.23797041177749634,0.23799335956573486,0.0051277498714625835,0.007504298817366362
246,0.6856209635734558,-0.5399134755134583,0.15621936321258545,0.19321760535240173,0.23402464389801025,0.23406895995140076,0.005139137618243694,0.007462750654667616
247,0.13824361562728882,0.49800604581832886,0.15824918448925018,0.19652105867862701,0.23796848952770233,0.23799121379852295,0.005154769401997328,0.007453790865838528
247,0.6699525713920593,-0.5138416290283203,0.15539132058620453,0.19295725226402283,0.23291216790676117,0.23301304876804352,0.005140908993780613,0.007378654554486275
248,0.14106473326683044,0.4984206259250641,0.1587168574333191,0.19694989919662476,0.2385571449995041,0.23854172229766846,0.005145307630300522,0.007344155106693506
248,0.6770554780960083,-0.5058724284172058,0.15612749755382538,0.19255338609218597,0.23538199067115784,0.23538921773433685,0.005149411968886852,0.007275740150362253
249,0.14041414856910706,0.498026967048645,0.15887533128261566,0.19709040224552155,0.23953773081302643,0.239532008767128,0.005175950936973095,0.007253548596054316
249,0.6675943732261658,-0.502173662185669,0.15696756541728973,0.19319385290145874,0.2362571507692337,0.23630930483341217,0.005195568315684795,0.0072220382280647755
250,0.1383533626794815,0.4980321526527405,0.15845248103141785,0.19628499448299408,0.23838788270950317,0.23840361833572388,0.005230952054262161,0.00721396878361702
250,0.658275842666626,-0.49535486102104187,0.15751782059669495,0.19312721490859985,0.23365697264671326,0.23370149731636047,0.005240513011813164,0.007248044013977051
251,0.13765786588191986,0.498134583234787,0.15853045880794525,0.19629336893558502,0.2384643405675888,0.23857636749744415,0.005241862963885069,0.007286620792001486
251,0.6552446484565735,-0.5179644227027893,0.15665027499198914,0.192818284034729,0.23527134954929352,0.2352989763021469,0.005247967317700386,0.007353756111115217
252,0.1392132043838501,0.4981483817100525,0.15945422649383545,0.197092205286026,0.2395375818014145,0.23952843248844147,0.005240896716713905,0.007367862854152918
252,0.6652376651763916,-0.5087037086486816,0.15672802925109863,0.19293208420276642,0.23421761393547058,0.23419934511184692,0.005255559459328651,0.007379843853414059
253,0.13835404813289642,0.4980883300304413,0.15917858481407166,0.1966651976108551,0.2395676076412201,0.2395888715982437,0.005273527931421995,0.007355082780122757
253,0.6650760173797607,-0.5270872712135315,0.1563088446855545,0.19309274852275848,0.2348051816225052,0.23483239114284515,0.005298408214002848,0.007366346661001444
254,0.13701266050338745,0.4981192648410797,0.1584538370370865,0.19612671434879303,0.23881958425045013,0.2388002574443817,0.005326899699866772,0.007347789593040943
254,0.6577587723731995,-0.5176764130592346,0.1559673547744751,0.1928938627243042,0.23585602641105652,0.23580819368362427,0.005331789143383503,0.0073661538772284985
255,0.1375846266746521,0.4982343018054962,0.1580568253993988,0.1964048147201538,0.23900608718395233,0.23901920020580292,0.005321398377418518,0.007398530840873718
255,0.6384423971176147,-0.5099865794181824,0.15647892653942108,0.1922895759344101,0.23695313930511475,0.23681214451789856,0.0053433761931955814,0.007404587231576443
256,0.13675931096076965,0.498380571603775,0.15798331797122955,0.19562415778636932,0.23896923661231995,0.2389744371175766,0.005329640582203865,0.007401121314615011
256,0.6261879801750183,-0.5096704959869385,0.1548212617635727,0.19334334135055542,0.23485194146633148,0.23486751317977905,0.005305240396410227,0.007403701543807983
257,0.13998687267303467,0.49894195795059204,0.1574571579694748,0.19596663117408752,0.23853513598442078,0.23855261504650116,0.005315101705491543,0.007420314010232687
257,0.6529546976089478,-0.5042337775230408,0.1549379825592041,0.19221749901771545,0.23552043735980988,0.23562276363372803,0.005337030626833439,0.007465580478310585
258,0.14250032603740692,0.49936580657958984,0.15724483132362366,0.19664296507835388,0.24003934860229492,0.2400369793176651,0.00534362206235528,0.00742255849763751
258,0.6507583856582642,-0.48514947295188904,0.1561298966407776,0.19195754826068878,0.23848973214626312,0.23840562999248505,0.005342752207070589,0.007364495657384396
259,0.1378987729549408,0.49819836020469666,0.15796872973442078,0.1965751051902771,0.24048982560634613,0.2405439168214798,0.005333333741873503,0.007350072264671326
259,0.6661966443061829,-0.5162711143493652,0.1565861701965332,0.1926504671573639,0.23626336455345154,0.23633699119091034,0.005333981942385435,0.007359632290899754
260,0.1386467069387436,0.49835383892059326,0.15861229598522186,0.19665288925170898,0.24043135344982147,0.24047106504440308,0.005349114537239075,0.007347988896071911
260,0.6426823139190674,-0.5120433568954468,0.15378344058990479,0.1927090436220169,0.23512060940265656,0.2350655049085617,0.005370383150875568,0.007342373486608267
261,0.13743259012699127,0.4981999695301056,0.15722419321537018,0.19653727114200592,0.23927566409111023,0.23933149874210358,0.005384902469813824,0.007337781600654125
261,0.654933750629425,-0.5054342746734619,0.15558791160583496,0.19277918338775635,0.23735246062278748,0.23722414672374725,0.00541694974526763,0.007330462336540222
262,0.13554663956165314,0.49818283319473267,0.1568666398525238,0.1951528936624527,0.2381618469953537,0.23818178474903107,0.005420879926532507,0.007356737274676561
262,0.6508752107620239,-0.5301405787467957,0.15521126985549927,0.19207622110843658,0.23287932574748993,0.2328561544418335,0.00543326186016202,0.007380765397101641
263,0.1358039528131485,0.4979523718357086,0.1582195907831192,0.19677528738975525,0.23996543884277344,0.24003879725933075,0.005436859093606472,0.007368891034275293
263,0.6507944464683533,-0.5298235416412354,0.15607036650180817,0.1926315575838089,0.23635363578796387,0.23620785772800446,0.005455051548779011,0.0073854741640388966
264,0.13355842232704163,0.4979621171951294,0.1582617163658142,0.19621166586875916,0.23968841135501862,0.23972907662391663,0.005452475044876337,0.007353192660957575
264,0.6426389217376709,-0.5194444060325623,0.15492554008960724,0.19268378615379333,0.23513436317443848,0.23511755466461182,0.005477390717715025,0.00736874109134078
265,0.13610891997814178,0.49812138080596924,0.15899614989757538,0.19680045545101166,0.24059079587459564,0.24063675105571747,0.005487367510795593,0.007349207531660795
265,0.6389141082763672,-0.5220996737480164,0.15591508150100708,0.19255678355693817,0.23569220304489136,0.23568525910377502,0.005487543065100908,0.007347257807850838
266,0.13300937414169312,0.4981763958930969,0.15750207006931305,0.19580334424972534,0.23970167338848114,0.23973694443702698,0.005497872829437256,0.0073418086394667625
266,0.6500183343887329,-0.5429006814956665,0.15552644431591034,0.19171267747879028,0.2357252985239029,0.23569056391716003,0.005503459833562374,0.007382265292108059
267,0.13480614125728607,0.49843722581863403,0.1570003181695938,0.19576188921928406,0.23912343382835388,0.23918962478637695,0.005490077659487724,0.007418632507324219
267,0.6339322328567505,-0.5305233001708984,0.15617592632770538,0.19305478036403656,0.2356521487236023,0.23574130237102509,0.005482749082148075,0.007393179927021265
268,0.14938080310821533,0.5009967684745789,0.15669171512126923,0.1965264528989792,0.24060405790805817,0.2406444549560547,0.00547866290435195,0.007329052779823542
268,0.6404119729995728,-0.5369123220443726,0.154500812292099,0.1937665492296219,0.23613916337490082,0.23608677089214325,0.005487380549311638,0.007277796044945717
269,0.14048080146312714,0.49830323457717896,0.15693016350269318,0.1972915679216385,0.24040541052818298,0.24050705134868622,0.005501878447830677,0.007260166574269533
269,0.6504898071289062,-0.5182782411575317,0.15512534976005554,0.19337449967861176,0.23536846041679382,0.23538847267627716,0.005506544373929501,0.007281244732439518
270,0.13779395818710327,0.4979529082775116,0.15834762156009674,0.19839715957641602,0.2416081577539444,0.2416554093360901,0.005517680663615465,0.00731763057410717
270,0.6421129703521729,-0.5239538550376892,0.15569040179252625,0.19318713247776031,0.23738203942775726,0.23759081959724426,0.00551580497995019,0.007399700582027435
271,0.13614724576473236,0.4979964792728424,0.15675005316734314,0.19564451277256012,0.23894335329532623,0.23898091912269592,0.005525926128029823,0.007365809753537178
271,0.6383727788925171,-0.5276486873626709,0.1554388403892517,0.19325731694698334,0.23693454265594482,0.23699219524860382,0.005499041173607111,0.007322693709284067
272,0.13626614212989807,0.49791938066482544,0.1579328179359436,0.19697679579257965,0.24074985086917877,0.24077102541923523,0.005507991183549166,0.0073528289794921875
272,0.6561440825462341,-0.5275582671165466,0.15583059191703796,0.19323912262916565,0.23737971484661102,0.23725518584251404,0.0055120536126196384,0.007399441674351692
273,0.13690055906772614,0.49790140986442566,0.15874291956424713,0.1975463479757309,0.24153877794742584,0.24161332845687866,0.0055159623734653,0.007421813439577818
273,0.6442656517028809,-0.533379316329956,0.15606121718883514,0.19377349317073822,0.23733384907245636,0.2373380959033966,0.005525064654648304,0.007434048689901829
274,0.13563266396522522,0.4979938566684723,0.15780900418758392,0.1964005082845688,0.2404910922050476,0.24056687951087952,0.0055321198888123035,0.007415588479489088
274,0.6379980444908142,-0.5256669521331787,0.15422286093235016,0.1933610886335373,0.2366492748260498,0.23670212924480438,0.005529313813894987,0.007404613774269819
275,0.13891081511974335,0.498800128698349,0.15627600252628326,0.19587624073028564,0.24010272324085236,0.24014291167259216,0.005548826418817043,0.00742575665935874
275,0.6360688209533691,-0.49338194727897644,0.15413126349449158,0.1921599954366684,0.2373068481683731,0.2373208999633789,0.0055582658387720585,0.0073903095908463
276,0.1370764821767807,0.4981063902378082,0.1571834832429886,0.19676941633224487,0.24042648077011108,0.24047107994556427,0.005547299515455961,0.00732443667948246
276,0.6273465156555176,-0.5188820958137512,0.1539672315120697,0.19318780303001404,0.23700205981731415,0.2369593381881714,0.005537188146263361,0.0072569758631289005
277,0.13421525061130524,0.4981326758861542,0.1566752791404724,0.19619090855121613,0.24000991880893707,0.24002039432525635,0.005550246220082045,0.0072164107114076614
277,0.6576085090637207,-0.5123891830444336,0.1557667851448059,0.19289018213748932,0.2374798208475113,0.23754799365997314,0.005555052775889635,0.0071823010221123695
278,0.13536633551120758,0.4980860650539398,0.15706020593643188,0.19707651436328888,0.2412213832139969,0.24133259057998657,0.005575213581323624,0.007249874994158745
278,0.6127675771713257,-0.5434655547142029,0.1547522395849228,0.1931399703025818,0.23614619672298431,0.23638631403446198,0.005571589805185795,0.007348142564296722
279,0.1340196132659912,0.49804577231407166,0.1574801653623581,0.1968521922826767,0.24110175669193268,0.24116584658622742,0.0055847568437457085,0.007384437136352062
279,0.633206844329834,-0.5274976491928101,0.15593691170215607,0.19307982921600342,0.23687642812728882,0.2369418740272522,0.005577580071985722,0.007358959410339594
280,0.1324702799320221,0.49801549315452576,0.1572425365447998,0.19626875221729279,0.24082118272781372,0.24083150923252106,0.005579523276537657,0.007329500745981932
280,0.6320962905883789,-0.5126506090164185,0.1539868712425232,0.19250816106796265,0.23843291401863098,0.23847055435180664,0.00557423010468483,0.0073287636041641235
281,0.13197395205497742,0.4980173110961914,0.15615662932395935,0.1948089748620987,0.23847438395023346,0.23850102722644806,0.0055740089155733585,0.007385852746665478
281,0.6303585767745972,-0.5138518214225769,0.15519872307777405,0.19282136857509613,0.2357124239206314,0.2356676608324051,0.00557214580476284,0.007397826295346022
282,0.1306646317243576,0.4978815019130707,0.1575210988521576,0.19606877863407135,0.2409793734550476,0.24103885889053345,0.005565939471125603,0.007397753652185202
282,0.6352605819702148,-0.5355565547943115,0.15504026412963867,0.1921311914920807,0.23619985580444336,0.23621706664562225,0.005563254468142986,0.007434045430272818
283,0.12927302718162537,0.4980332851409912,0.15712013840675354,0.196248859167099,0.24043738842010498,0.24049733579158783,0.0055508362129330635,0.007398017682135105
283,0.6158179640769958,-0.5400394797325134,0.15490230917930603,0.19254952669143677,0.23709480464458466,0.23706665635108948,0.005555541720241308,0.007378812413662672
284,0.1325158178806305,0.4980318546295166,0.1565663367509842,0.19626405835151672,0.2405618131160736,0.2406286746263504,0.005537449847906828,0.0074170613661408424
284,0.6351817846298218,-0.5369309782981873,0.15517164766788483,0.19275860488414764,0.2364582121372223,0.23636974394321442,0.005528601352125406,0.007442554924637079
285,0.13046106696128845,0.49799132347106934,0.15694457292556763,0.19603413343429565,0.24038663506507874,0.24042852222919464,0.005556110758334398,0.007380319759249687
285,0.6064238548278809,-0.545168399810791,0.15282541513442993,0.19203326106071472,0.23538026213645935,0.23542125523090363,0.0056043388321995735,0.007371869403868914
286,0.13082493841648102,0.4979493021965027,0.15723948180675507,0.19646576046943665,0.24126392602920532,0.24131426215171814,0.0056145270355045795,0.007365909870713949
286,0.634690523147583,-0.532842755317688,0.15479040145874023,0.19180959463119507,0.2369541972875595,0.23693302273750305,0.005611702799797058,0.0073509132489562035
287,0.1295628547668457,0.49783024191856384,0.1575576812028885,0.1959093064069748,0.24084718525409698,0.24090535938739777,0.005626666359603405,0.0073626600205898285
287,0.6149907112121582,-0.5370118618011475,0.15545614063739777,0.19272714853286743,0.23565594851970673,0.23565417528152466,0.005642805248498917,0.007411336991935968
288,0.13132672011852264,0.4984320402145386,0.15681380033493042,0.1962910145521164,0.2408551424741745,0.24093054234981537,0.005643702112138271,0.007379401475191116
288,0.6297516226768494,-0.5531619787216187,0.1560472995042801,0.1925298273563385,0.2366282194852829,0.23671074211597443,0.005635289009660482,0.007327290717512369
289,0.12904901802539825,0.4979254901409149,0.15705156326293945,0.19568458199501038,0.24077726900577545,0.24084246158599854,0.005666644778102636,0.007321826182305813
289,0.6193084716796875,-0.5403453707695007,0.15436755120754242,0.19297921657562256,0.23629407584667206,0.23644515872001648,0.005673562176525593,0.007308346685022116
290,0.1311219334602356,0.49819445610046387,0.1570705622434616,0.19656892120838165,0.2411869466304779,0.24124842882156372,0.005652235355228186,0.007320834789425135
290,0.6379482746124268,-0.5517158508300781,0.15342403948307037,0.1916433423757553,0.23761211335659027,0.23763354122638702,0.0056284512393176556,0.007362516596913338
291,0.12897762656211853,0.49834173917770386,0.15474842488765717,0.19529405236244202,0.23985739052295685,0.2399074137210846,0.0056380946189165115,0.00735063711181283
291,0.6159852147102356,-0.549291729927063,0.1530028134584427,0.19222024083137512,0.23651589453220367,0.2365351915359497,0.005631485488265753,0.00732768839225173
292,0.13363893330097198,0.4987955093383789,0.1555371880531311,0.19562958180904388,0.24036191403865814,0.24040383100509644,0.005620086099952459,0.00735716475173831
292,0.5995571613311768,-0.5561862587928772,0.15322715044021606,0.1928856521844864,0.23754417896270752,0.23754386603832245,0.005615043919533491,0.007338557858020067
293,0.12944228947162628,0.4979512691497803,0.15587185323238373,0.19600658118724823,0.24008212983608246,0.24016310274600983,0.005632202140986919,0.007358231116086245
293,0.6323598623275757,-0.5244747400283813,0.15506429970264435,0.19246906042099,0.23752184212207794,0.23769237101078033,0.005643144249916077,0.0074000731110572815
294,0.12933103740215302,0.4979345202445984,0.15729118883609772,0.1967780739068985,0.2416270673274994,0.24167749285697937,0.005677214358001947,0.007439570501446724
294,0.6087759733200073,-0.5478746891021729,0.15370985865592957,0.19305993616580963,0.2368861734867096,0.236958846449852,0.005695722997188568,0.007445138413459063
295,0.13119202852249146,0.4982314705848694,0.15684646368026733,0.19737344980239868,0.24217362701892853,0.24218754470348358,0.0056982762180268764,0.007436576299369335
295,0.6230501532554626,-0.5732231140136719,0.15269090235233307,0.19255971908569336,0.2367248684167862,0.23683775961399078,0.005700267851352692,0.007440178655087948
296,0.12866424024105072,0.49827948212623596,0.15419447422027588,0.1950090080499649,0.2390785664319992,0.23911218345165253,0.005710825324058533,0.00739308400079608
296,0.5950149893760681,-0.5312983989715576,0.15171466767787933,0.19257861375808716,0.23678332567214966,0.2369365096092224,0.005707984324544668,0.007386835757642984
297,0.12981809675693512,0.497949481010437,0.1558474600315094,0.1963508427143097,0.24100111424922943,0.24101907014846802,0.005720349960029125,0.00736961467191577
297,0.6217241287231445,-0.5389763712882996,0.1536966860294342,0.1919836550951004,0.23797790706157684,0.2378866970539093,0.005738504696637392,0.007344990037381649
298,0.13076156377792358,0.4985288977622986,0.15510378777980804,0.19564150273799896,0.24092799425125122,0.2410014271736145,0.005742269102483988,0.007389608770608902
298,0.6127912998199463,-0.5357093811035156,0.15247268974781036,0.1913336217403412,0.23836083710193634,0.23840747773647308,0.005755535326898098,0.007366172969341278
299,0.13092878460884094,0.4984402060508728,0.1547592282295227,0.19540072977542877,0.2408601939678192,0.24085980653762817,0.00576107669621706,0.007328997366130352
299,0.6030015349388123,-0.5333162546157837,0.15298180282115936,0.19230283796787262,0.23771893978118896,0.23768651485443115,0.005783610977232456,0.007292252499610186
